# Ballistic Engine default primitive: Sphere
# Generated by Tools/GeneratePrimitives — do not edit by hand.
o Sphere
v 0 1 0
v 0 1 0
v 0 1 0
v 0 1 0
v 0 1 0
v 0 1 0
v 0 1 0
v 0 1 0
v -0 1 0
v -0 1 0
v -0 1 0
v -0 1 0
v -0 1 0
v -0 1 0
v -0 1 0
v -0 1 0
v -0 1 -0
v -0 1 -0
v -0 1 -0
v -0 1 -0
v -0 1 -0
v -0 1 -0
v -0 1 -0
v -0 1 -0
v 0 1 -0
v 0 1 -0
v 0 1 -0
v 0 1 -0
v 0 1 -0
v 0 1 -0
v 0 1 -0
v 0 1 -0
v 0 1 0
v 0.1305262 0.9914449 0
v 0.12801817 0.9914449 0.025464399
v 0.12059048 0.9914449 0.049950216
v 0.10852857 0.9914449 0.07251647
v 0.09229596 0.9914449 0.09229596
v 0.07251646 0.9914449 0.10852858
v 0.049950212 0.9914449 0.12059048
v 0.025464388 0.9914449 0.12801819
v -5.7054814E-09 0.9914449 0.1305262
v -0.025464399 0.9914449 0.12801817
v -0.049950223 0.9914449 0.12059048
v -0.072516486 0.9914449 0.10852856
v -0.09229596 0.9914449 0.09229596
v -0.10852858 0.9914449 0.07251646
v -0.12059049 0.9914449 0.049950194
v -0.12801819 0.9914449 0.025464397
v -0.1305262 0.9914449 -1.1410963E-08
v -0.12801817 0.9914449 -0.02546442
v -0.12059048 0.9914449 -0.049950212
v -0.10852856 0.9914449 -0.07251648
v -0.092295945 0.9914449 -0.092295974
v -0.07251644 0.9914449 -0.10852859
v -0.049950175 0.9914449 -0.1205905
v -0.025464406 0.9914449 -0.12801817
v 1.5565094E-09 0.9914449 -0.1305262
v 0.02546441 0.9914449 -0.12801817
v 0.04995024 0.9914449 -0.12059047
v 0.07251649 0.9914449 -0.108528554
v 0.09229599 0.9914449 -0.09229593
v 0.10852857 0.9914449 -0.07251648
v 0.120590486 0.9914449 -0.049950212
v 0.12801819 0.9914449 -0.025464388
v 0.1305262 0.9914449 2.2821926E-08
v 0.25881904 0.9659258 0
v 0.2538459 0.9659258 0.05049309
v 0.23911761 0.9659258 0.09904577
v 0.21520017 0.9659258 0.14379215
v 0.1830127 0.9659258 0.1830127
v 0.14379214 0.9659258 0.21520019
v 0.09904576 0.9659258 0.23911761
v 0.05049307 0.9659258 0.25384593
v -1.131334E-08 0.9659258 0.25881904
v -0.05049309 0.9659258 0.2538459
v -0.09904578 0.9659258 0.23911761
v -0.1437922 0.9659258 0.21520016
v -0.1830127 0.9659258 0.1830127
v -0.21520019 0.9659258 0.14379214
v -0.23911764 0.9659258 0.099045716
v -0.25384593 0.9659258 0.050493088
v -0.25881904 0.9659258 -2.262668E-08
v -0.2538459 0.9659258 -0.050493132
v -0.23911761 0.9659258 -0.09904576
v -0.21520016 0.9659258 -0.14379218
v -0.18301266 0.9659258 -0.18301272
v -0.1437921 0.9659258 -0.21520022
v -0.09904568 0.9659258 -0.23911765
v -0.050493106 0.9659258 -0.2538459
v 3.0863863E-09 0.9659258 -0.25881904
v 0.050493114 0.9659258 -0.2538459
v 0.099045806 0.9659258 -0.2391176
v 0.14379221 0.9659258 -0.21520014
v 0.18301275 0.9659258 -0.18301263
v 0.21520017 0.9659258 -0.14379218
v 0.23911762 0.9659258 -0.09904576
v 0.25384593 0.9659258 -0.05049307
v 0.25881904 0.9659258 4.525336E-08
v 0.38268346 0.9238795 0
v 0.3753303 0.9238795 0.07465784
v 0.3535534 0.9238795 0.14644663
v 0.31818965 0.9238795 0.21260755
v 0.27059805 0.9238795 0.27059805
v 0.21260752 0.9238795 0.31818968
v 0.14644662 0.9238795 0.3535534
v 0.074657805 0.9238795 0.3753303
v -1.6727626E-08 0.9238795 0.38268346
v -0.07465784 0.9238795 0.3753303
v -0.14644665 0.9238795 0.3535534
v -0.21260759 0.9238795 0.31818962
v -0.27059805 0.9238795 0.27059805
v -0.31818968 0.9238795 0.21260752
v -0.35355344 0.9238795 0.14644656
v -0.3753303 0.9238795 0.074657835
v -0.38268346 0.9238795 -3.345525E-08
v -0.3753303 0.9238795 -0.0746579
v -0.3535534 0.9238795 -0.14644662
v -0.31818962 0.9238795 -0.21260756
v -0.27059802 0.9238795 -0.2705981
v -0.21260744 0.9238795 -0.31818974
v -0.1464465 0.9238795 -0.35355347
v -0.074657865 0.9238795 -0.3753303
v 4.5634545E-09 0.9238795 -0.38268346
v 0.07465787 0.9238795 -0.3753303
v 0.14644669 0.9238795 -0.35355338
v 0.2126076 0.9238795 -0.31818962
v 0.27059814 0.9238795 -0.27059796
v 0.31818965 0.9238795 -0.21260756
v 0.3535534 0.9238795 -0.14644662
v 0.3753303 0.9238795 -0.074657805
v 0.38268346 0.9238795 6.69105E-08
v 0.5 0.8660254 0
v 0.49039263 0.8660254 0.09754516
v 0.46193975 0.8660254 0.19134173
v 0.4157348 0.8660254 0.27778512
v 0.35355338 0.8660254 0.35355338
v 0.2777851 0.8660254 0.41573483
v 0.19134171 0.8660254 0.46193975
v 0.09754512 0.8660254 0.49039266
v -2.1855694E-08 0.8660254 0.5
v -0.09754516 0.8660254 0.49039263
v -0.19134176 0.8660254 0.46193975
v -0.27778518 0.8660254 0.41573477
v -0.35355338 0.8660254 0.35355338
v -0.41573483 0.8660254 0.2777851
v -0.4619398 0.8660254 0.19134164
v -0.49039266 0.8660254 0.097545154
v -0.5 0.8660254 -4.371139E-08
v -0.49039263 0.8660254 -0.097545244
v -0.46193975 0.8660254 -0.19134171
v -0.41573477 0.8660254 -0.27778515
v -0.35355332 0.8660254 -0.35355344
v -0.277785 0.8660254 -0.4157349
v -0.19134156 0.8660254 -0.46193984
v -0.09754519 0.8660254 -0.49039263
v 5.9624403E-09 0.8660254 -0.5
v 0.09754521 0.8660254 -0.49039263
v 0.1913418 0.8660254 -0.46193972
v 0.2777852 0.8660254 -0.41573474
v 0.3535535 0.8660254 -0.35355327
v 0.4157348 0.8660254 -0.27778515
v 0.46193978 0.8660254 -0.19134171
v 0.49039266 0.8660254 -0.09754512
v 0.5 0.8660254 8.742278E-08
v 0.6087615 0.7933533 0
v 0.5970643 0.7933533 0.11876348
v 0.5624223 0.7933533 0.23296295
v 0.5061667 0.7933533 0.33820978
v 0.43045938 0.7933533 0.43045938
v 0.33820975 0.7933533 0.5061667
v 0.23296294 0.7933533 0.5624223
v 0.118763424 0.7933533 0.5970643
v -2.660981E-08 0.7933533 0.6087615
v -0.11876348 0.7933533 0.5970643
v -0.23296298 0.7933533 0.5624223
v -0.33820984 0.7933533 0.50616664
v -0.43045938 0.7933533 0.43045938
v -0.5061667 0.7933533 0.33820975
v -0.56242234 0.7933533 0.23296285
v -0.5970643 0.7933533 0.11876347
v -0.6087615 0.7933533 -5.321962E-08
v -0.5970643 0.7933533 -0.11876357
v -0.5624223 0.7933533 -0.23296294
v -0.50616664 0.7933533 -0.3382098
v -0.4304593 0.7933533 -0.43045944
v -0.33820963 0.7933533 -0.50616676
v -0.23296276 0.7933533 -0.5624224
v -0.118763514 0.7933533 -0.5970643
v 7.259408E-09 0.7933533 -0.6087615
v 0.11876353 0.7933533 -0.5970643
v 0.23296304 0.7933533 -0.5624222
v 0.33820987 0.7933533 -0.5061666
v 0.43045953 0.7933533 -0.43045923
v 0.5061667 0.7933533 -0.3382098
v 0.5624223 0.7933533 -0.23296294
v 0.5970643 0.7933533 -0.118763424
v 0.6087615 0.7933533 1.0643924E-07
v 0.70710677 0.70710677 0
v 0.6935199 0.70710677 0.13794969
v 0.65328145 0.70710677 0.27059805
v 0.5879378 0.70710677 0.39284748
v 0.49999997 0.70710677 0.49999997
v 0.39284745 0.70710677 0.58793783
v 0.27059805 0.70710677 0.65328145
v 0.13794963 0.70710677 0.69351995
v -3.090862E-08 0.70710677 0.70710677
v -0.13794969 0.70710677 0.6935199
v -0.2705981 0.70710677 0.65328145
v -0.39284757 0.70710677 0.5879377
v -0.49999997 0.70710677 0.49999997
v -0.58793783 0.70710677 0.39284745
v -0.6532815 0.70710677 0.27059793
v -0.69351995 0.70710677 0.13794968
v -0.70710677 0.70710677 -6.181724E-08
v -0.6935199 0.70710677 -0.13794981
v -0.65328145 0.70710677 -0.27059805
v -0.5879377 0.70710677 -0.3928475
v -0.4999999 0.70710677 -0.50000006
v -0.3928473 0.70710677 -0.5879379
v -0.27059782 0.70710677 -0.65328157
v -0.13794973 0.70710677 -0.6935199
v 8.432163E-09 0.70710677 -0.70710677
v 0.13794975 0.70710677 -0.6935199
v 0.27059817 0.70710677 -0.6532814
v 0.3928476 0.70710677 -0.5879377
v 0.5000002 0.70710677 -0.49999982
v 0.5879378 0.70710677 -0.3928475
v 0.6532815 0.70710677 -0.27059805
v 0.69351995 0.70710677 -0.13794963
v 0.70710677 0.70710677 1.2363448E-07
v 0.7933534 0.60876137 0
v 0.7781093 0.60876137 0.15477557
v 0.7329629 0.60876137 0.3036032
v 0.6596492 0.60876137 0.44076353
v 0.56098557 0.60876137 0.56098557
v 0.44076347 0.60876137 0.65964925
v 0.3036032 0.60876137 0.7329629
v 0.1547755 0.60876137 0.7781093
v -3.467858E-08 0.60876137 0.7933534
v -0.15477557 0.60876137 0.7781093
v -0.30360326 0.60876137 0.7329629
v -0.44076362 0.60876137 0.6596492
v -0.56098557 0.60876137 0.56098557
v -0.65964925 0.60876137 0.44076347
v -0.732963 0.60876137 0.30360308
v -0.7781093 0.60876137 0.15477556
v -0.7933534 0.60876137 -6.935716E-08
v -0.7781093 0.60876137 -0.1547757
v -0.7329629 0.60876137 -0.3036032
v -0.6596492 0.60876137 -0.4407636
v -0.56098545 0.60876137 -0.5609856
v -0.44076335 0.60876137 -0.6596494
v -0.30360296 0.60876137 -0.7329631
v -0.15477562 0.60876137 -0.7781093
v 9.460645E-09 0.60876137 -0.7933534
v 0.15477563 0.60876137 -0.7781093
v 0.30360332 0.60876137 -0.7329629
v 0.44076368 0.60876137 -0.65964913
v 0.56098574 0.60876137 -0.5609853
v 0.6596492 0.60876137 -0.4407636
v 0.73296297 0.60876137 -0.3036032
v 0.7781093 0.60876137 -0.1547755
v 0.7933534 0.60876137 1.3871431E-07
v 0.86602545 0.49999997 0
v 0.84938496 0.49999997 0.16895318
v 0.8001032 0.49999997 0.3314136
v 0.7200738 0.49999997 0.48113796
v 0.61237246 0.49999997 0.61237246
v 0.48113793 0.49999997 0.7200739
v 0.3314136 0.49999997 0.8001032
v 0.1689531 0.49999997 0.849385
v -3.7855173E-08 0.49999997 0.86602545
v -0.16895318 0.49999997 0.84938496
v -0.33141366 0.49999997 0.8001032
v -0.48113808 0.49999997 0.72007376
v -0.61237246 0.49999997 0.61237246
v -0.7200739 0.49999997 0.48113793
v -0.80010325 0.49999997 0.33141345
v -0.849385 0.49999997 0.16895317
v -0.86602545 0.49999997 -7.5710346E-08
v -0.84938496 0.49999997 -0.16895333
v -0.8001032 0.49999997 -0.3314136
v -0.72007376 0.49999997 -0.48113802
v -0.61237234 0.49999997 -0.6123726
v -0.48113775 0.49999997 -0.720074
v -0.33141333 0.49999997 -0.8001033
v -0.16895324 0.49999997 -0.84938496
v 1.032725E-08 0.49999997 -0.86602545
v 0.16895327 0.49999997 -0.84938496
v 0.33141375 0.49999997 -0.8001031
v 0.4811381 0.49999997 -0.7200737
v 0.61237264 0.49999997 -0.6123723
v 0.7200738 0.49999997 -0.48113802
v 0.8001032 0.49999997 -0.3314136
v 0.849385 0.49999997 -0.1689531
v 0.86602545 0.49999997 1.5142069E-07
v 0.9238795 0.38268343 0
v 0.9061274 0.38268343 0.18023995
v 0.85355335 0.38268343 0.3535534
v 0.7681777 0.38268343 0.51328
v 0.65328145 0.38268343 0.65328145
v 0.5132799 0.38268343 0.76817775
v 0.35355338 0.38268343 0.85355335
v 0.18023987 0.38268343 0.90612745
v -4.0384055E-08 0.38268343 0.9238795
v -0.18023995 0.38268343 0.9061274
v -0.35355344 0.38268343 0.85355335
v -0.5132801 0.38268343 0.7681777
v -0.65328145 0.38268343 0.65328145
v -0.76817775 0.38268343 0.5132799
v -0.8535535 0.38268343 0.35355324
v -0.90612745 0.38268343 0.18023993
v -0.9238795 0.38268343 -8.076811E-08
v -0.9061274 0.38268343 -0.18024011
v -0.85355335 0.38268343 -0.35355338
v -0.7681777 0.38268343 -0.51328003
v -0.65328133 0.38268343 -0.65328157
v -0.51327974 0.38268343 -0.76817787
v -0.3535531 0.38268343 -0.8535535
v -0.18024 0.38268343 -0.9061274
v 1.10171525E-08 0.38268343 -0.9238795
v 0.18024004 0.38268343 -0.9061274
v 0.35355353 0.38268343 -0.8535533
v 0.51328015 0.38268343 -0.7681776
v 0.6532817 0.38268343 -0.6532812
v 0.7681777 0.38268343 -0.51328003
v 0.8535534 0.38268343 -0.35355338
v 0.90612745 0.38268343 -0.18023987
v 0.9238795 0.38268343 1.6153622E-07
v 0.9659259 0.25881895 0
v 0.9473658 0.25881895 0.1884428
v 0.89239913 0.25881895 0.36964384
v 0.803138 0.25881895 0.5366397
v 0.6830127 0.25881895 0.6830127
v 0.53663963 0.25881895 0.8031381
v 0.3696438 0.25881895 0.89239913
v 0.1884427 0.25881895 0.9473659
v -4.222196E-08 0.25881895 0.9659259
v -0.1884428 0.25881895 0.9473658
v -0.3696439 0.25881895 0.89239913
v -0.5366398 0.25881895 0.80313796
v -0.6830127 0.25881895 0.6830127
v -0.8031381 0.25881895 0.53663963
v -0.89239925 0.25881895 0.3696437
v -0.9473659 0.25881895 0.18844278
v -0.9659259 0.25881895 -8.444392E-08
v -0.9473658 0.25881895 -0.18844295
v -0.89239913 0.25881895 -0.3696438
v -0.80313796 0.25881895 -0.53663975
v -0.6830126 0.25881895 -0.68301284
v -0.53663945 0.25881895 -0.8031382
v -0.36964354 0.25881895 -0.8923993
v -0.18844286 0.25881895 -0.9473658
v 1.1518551E-08 0.25881895 -0.9659259
v 0.18844287 0.25881895 -0.9473658
v 0.369644 0.25881895 -0.8923991
v 0.53663987 0.25881895 -0.8031379
v 0.68301296 0.25881895 -0.6830125
v 0.803138 0.25881895 -0.53663975
v 0.8923992 0.25881895 -0.3696438
v 0.9473659 0.25881895 -0.1884427
v 0.9659259 0.25881895 1.6888784E-07
v 0.9914449 0.13052613 0
v 0.9723945 0.13052613 0.1934213
v 0.91597563 0.13052613 0.37940955
v 0.82435626 0.13052613 0.55081725
v 0.7010574 0.13052613 0.7010574
v 0.5508172 0.13052613 0.8243563
v 0.37940952 0.13052613 0.91597563
v 0.19342121 0.13052613 0.9723946
v -4.3337433E-08 0.13052613 0.9914449
v -0.1934213 0.13052613 0.9723945
v -0.3794096 0.13052613 0.91597563
v -0.5508174 0.13052613 0.8243562
v -0.7010574 0.13052613 0.7010574
v -0.8243563 0.13052613 0.5508172
v -0.91597575 0.13052613 0.37940937
v -0.9723946 0.13052613 0.19342129
v -0.9914449 0.13052613 -8.6674866E-08
v -0.9723945 0.13052613 -0.19342147
v -0.91597563 0.13052613 -0.37940952
v -0.8243562 0.13052613 -0.5508173
v -0.70105726 0.13052613 -0.7010575
v -0.550817 0.13052613 -0.82435644
v -0.37940922 0.13052613 -0.9159758
v -0.19342136 0.13052613 -0.9723945
v 1.1822862E-08 0.13052613 -0.9914449
v 0.1934214 0.13052613 -0.9723945
v 0.3794097 0.13052613 -0.9159756
v 0.55081743 0.13052613 -0.82435614
v 0.7010576 0.13052613 -0.70105714
v 0.82435626 0.13052613 -0.5508173
v 0.9159757 0.13052613 -0.37940952
v 0.9723946 0.13052613 -0.19342121
v 0.9914449 0.13052613 1.7334973E-07
v 1 -4.371139E-08 0
v 0.98078525 -4.371139E-08 0.19509032
v 0.9238795 -4.371139E-08 0.38268346
v 0.8314696 -4.371139E-08 0.55557024
v 0.70710677 -4.371139E-08 0.70710677
v 0.5555702 -4.371139E-08 0.83146966
v 0.38268343 -4.371139E-08 0.9238795
v 0.19509023 -4.371139E-08 0.9807853
v -4.371139E-08 -4.371139E-08 1
v -0.19509032 -4.371139E-08 0.98078525
v -0.38268352 -4.371139E-08 0.9238795
v -0.55557036 -4.371139E-08 0.83146954
v -0.70710677 -4.371139E-08 0.70710677
v -0.83146966 -4.371139E-08 0.5555702
v -0.9238796 -4.371139E-08 0.38268328
v -0.9807853 -4.371139E-08 0.19509031
v -1 -4.371139E-08 -8.742278E-08
v -0.98078525 -4.371139E-08 -0.19509049
v -0.9238795 -4.371139E-08 -0.38268343
v -0.83146954 -4.371139E-08 -0.5555703
v -0.70710665 -4.371139E-08 -0.7071069
v -0.55557 -4.371139E-08 -0.8314698
v -0.38268313 -4.371139E-08 -0.9238797
v -0.19509038 -4.371139E-08 -0.98078525
v 1.1924881E-08 -4.371139E-08 -1
v 0.19509041 -4.371139E-08 -0.98078525
v 0.3826836 -4.371139E-08 -0.92387944
v 0.5555704 -4.371139E-08 -0.8314695
v 0.707107 -4.371139E-08 -0.70710653
v 0.8314696 -4.371139E-08 -0.5555703
v 0.92387956 -4.371139E-08 -0.38268343
v 0.9807853 -4.371139E-08 -0.19509023
v 1 -4.371139E-08 1.7484555E-07
v 0.9914449 -0.13052621 0
v 0.9723945 -0.13052621 0.1934213
v 0.91597563 -0.13052621 0.37940955
v 0.82435626 -0.13052621 0.55081725
v 0.7010574 -0.13052621 0.7010574
v 0.5508172 -0.13052621 0.8243563
v 0.37940952 -0.13052621 0.91597563
v 0.19342121 -0.13052621 0.9723946
v -4.3337433E-08 -0.13052621 0.9914449
v -0.1934213 -0.13052621 0.9723945
v -0.3794096 -0.13052621 0.91597563
v -0.5508174 -0.13052621 0.8243562
v -0.7010574 -0.13052621 0.7010574
v -0.8243563 -0.13052621 0.5508172
v -0.91597575 -0.13052621 0.37940937
v -0.9723946 -0.13052621 0.19342129
v -0.9914449 -0.13052621 -8.6674866E-08
v -0.9723945 -0.13052621 -0.19342147
v -0.91597563 -0.13052621 -0.37940952
v -0.8243562 -0.13052621 -0.5508173
v -0.70105726 -0.13052621 -0.7010575
v -0.550817 -0.13052621 -0.82435644
v -0.37940922 -0.13052621 -0.9159758
v -0.19342136 -0.13052621 -0.9723945
v 1.1822862E-08 -0.13052621 -0.9914449
v 0.1934214 -0.13052621 -0.9723945
v 0.3794097 -0.13052621 -0.9159756
v 0.55081743 -0.13052621 -0.82435614
v 0.7010576 -0.13052621 -0.70105714
v 0.82435626 -0.13052621 -0.5508173
v 0.9159757 -0.13052621 -0.37940952
v 0.9723946 -0.13052621 -0.19342121
v 0.9914449 -0.13052621 1.7334973E-07
v 0.9659258 -0.25881916 0
v 0.94736576 -0.25881916 0.18844278
v 0.8923991 -0.25881916 0.36964384
v 0.80313796 -0.25881916 0.53663963
v 0.68301266 -0.25881916 0.68301266
v 0.5366396 -0.25881916 0.803138
v 0.3696438 -0.25881916 0.8923991
v 0.18844269 -0.25881916 0.9473658
v -4.222196E-08 -0.25881916 0.9659258
v -0.18844278 -0.25881916 0.94736576
v -0.3696439 -0.25881916 0.8923991
v -0.53663975 -0.25881916 0.8031379
v -0.68301266 -0.25881916 0.68301266
v -0.803138 -0.25881916 0.5366396
v -0.8923992 -0.25881916 0.36964366
v -0.9473658 -0.25881916 0.18844277
v -0.9659258 -0.25881916 -8.444392E-08
v -0.94736576 -0.25881916 -0.18844293
v -0.8923991 -0.25881916 -0.3696438
v -0.8031379 -0.25881916 -0.5366397
v -0.68301255 -0.25881916 -0.6830128
v -0.5366394 -0.25881916 -0.80313814
v -0.3696435 -0.25881916 -0.89239925
v -0.18844284 -0.25881916 -0.94736576
v 1.151855E-08 -0.25881916 -0.9659258
v 0.18844287 -0.25881916 -0.94736576
v 0.369644 -0.25881916 -0.892399
v 0.5366398 -0.25881916 -0.80313784
v 0.6830129 -0.25881916 -0.6830124
v 0.80313796 -0.25881916 -0.5366397
v 0.89239913 -0.25881916 -0.3696438
v 0.9473658 -0.25881916 -0.18844269
v 0.9659258 -0.25881916 1.6888784E-07
v 0.92387956 -0.3826834 0
v 0.90612745 -0.3826834 0.18023996
v 0.8535534 -0.3826834 0.3535534
v 0.76817775 -0.3826834 0.51328
v 0.6532815 -0.3826834 0.6532815
v 0.5132799 -0.3826834 0.7681778
v 0.35355338 -0.3826834 0.8535534
v 0.18023989 -0.3826834 0.9061275
v -4.038406E-08 -0.3826834 0.92387956
v -0.18023996 -0.3826834 0.90612745
v -0.35355347 -0.3826834 0.8535534
v -0.5132801 -0.3826834 0.7681777
v -0.6532815 -0.3826834 0.6532815
v -0.7681778 -0.3826834 0.5132799
v -0.8535535 -0.3826834 0.35355327
v -0.9061275 -0.3826834 0.18023995
v -0.92387956 -0.3826834 -8.076812E-08
v -0.90612745 -0.3826834 -0.18024011
v -0.8535534 -0.3826834 -0.35355338
v -0.7681777 -0.3826834 -0.51328003
v -0.6532814 -0.3826834 -0.6532816
v -0.5132798 -0.3826834 -0.7681779
v -0.35355312 -0.3826834 -0.85355353
v -0.18024002 -0.3826834 -0.90612745
v 1.1017153E-08 -0.3826834 -0.92387956
v 0.18024005 -0.3826834 -0.90612745
v 0.35355356 -0.3826834 -0.85355335
v 0.51328015 -0.3826834 -0.7681776
v 0.6532817 -0.3826834 -0.6532813
v 0.76817775 -0.3826834 -0.51328003
v 0.8535535 -0.3826834 -0.35355338
v 0.9061275 -0.3826834 -0.18023989
v 0.92387956 -0.3826834 1.6153624E-07
v 0.8660254 -0.50000006 0
v 0.8493849 -0.50000006 0.16895318
v 0.8001031 -0.50000006 0.3314136
v 0.72007376 -0.50000006 0.48113793
v 0.6123724 -0.50000006 0.6123724
v 0.48113787 -0.50000006 0.7200738
v 0.33141357 -0.50000006 0.8001031
v 0.16895309 -0.50000006 0.84938496
v -3.7855173E-08 -0.50000006 0.8660254
v -0.16895318 -0.50000006 0.8493849
v -0.33141363 -0.50000006 0.8001031
v -0.48113805 -0.50000006 0.7200737
v -0.6123724 -0.50000006 0.6123724
v -0.7200738 -0.50000006 0.48113787
v -0.8001032 -0.50000006 0.33141345
v -0.84938496 -0.50000006 0.16895317
v -0.8660254 -0.50000006 -7.5710346E-08
v -0.8493849 -0.50000006 -0.16895331
v -0.8001031 -0.50000006 -0.33141357
v -0.7200737 -0.50000006 -0.481138
v -0.61237234 -0.50000006 -0.6123725
v -0.48113772 -0.50000006 -0.72007394
v -0.3314133 -0.50000006 -0.80010325
v -0.16895323 -0.50000006 -0.8493849
v 1.0327249E-08 -0.50000006 -0.8660254
v 0.16895325 -0.50000006 -0.8493849
v 0.33141372 -0.50000006 -0.80010307
v 0.48113808 -0.50000006 -0.7200737
v 0.61237264 -0.50000006 -0.6123722
v 0.72007376 -0.50000006 -0.481138
v 0.8001032 -0.50000006 -0.33141357
v 0.84938496 -0.50000006 -0.16895309
v 0.8660254 -0.50000006 1.5142069E-07
v 0.7933533 -0.6087614 0
v 0.77810925 -0.6087614 0.15477556
v 0.73296285 -0.6087614 0.3036032
v 0.65964913 -0.6087614 0.4407635
v 0.5609855 -0.6087614 0.5609855
v 0.44076344 -0.6087614 0.6596492
v 0.30360317 -0.6087614 0.73296285
v 0.15477549 -0.6087614 0.77810925
v -3.4678575E-08 -0.6087614 0.7933533
v -0.15477556 -0.6087614 0.77810925
v -0.30360323 -0.6087614 0.73296285
v -0.4407636 -0.6087614 0.65964913
v -0.5609855 -0.6087614 0.5609855
v -0.6596492 -0.6087614 0.44076344
v -0.73296297 -0.6087614 0.30360305
v -0.77810925 -0.6087614 0.15477555
v -0.7933533 -0.6087614 -6.935715E-08
v -0.77810925 -0.6087614 -0.15477568
v -0.73296285 -0.6087614 -0.30360317
v -0.65964913 -0.6087614 -0.44076353
v -0.5609854 -0.6087614 -0.5609856
v -0.4407633 -0.6087614 -0.6596493
v -0.30360293 -0.6087614 -0.732963
v -0.1547756 -0.6087614 -0.77810925
v 9.460644E-09 -0.6087614 -0.7933533
v 0.15477562 -0.6087614 -0.77810925
v 0.30360332 -0.6087614 -0.73296285
v 0.44076365 -0.6087614 -0.6596491
v 0.5609857 -0.6087614 -0.5609853
v 0.65964913 -0.6087614 -0.44076353
v 0.7329629 -0.6087614 -0.30360317
v 0.77810925 -0.6087614 -0.15477549
v 0.7933533 -0.6087614 1.387143E-07
v 0.70710677 -0.70710677 0
v 0.6935199 -0.70710677 0.13794969
v 0.65328145 -0.70710677 0.27059805
v 0.5879378 -0.70710677 0.39284748
v 0.49999997 -0.70710677 0.49999997
v 0.39284745 -0.70710677 0.58793783
v 0.27059805 -0.70710677 0.65328145
v 0.13794963 -0.70710677 0.69351995
v -3.090862E-08 -0.70710677 0.70710677
v -0.13794969 -0.70710677 0.6935199
v -0.2705981 -0.70710677 0.65328145
v -0.39284757 -0.70710677 0.5879377
v -0.49999997 -0.70710677 0.49999997
v -0.58793783 -0.70710677 0.39284745
v -0.6532815 -0.70710677 0.27059793
v -0.69351995 -0.70710677 0.13794968
v -0.70710677 -0.70710677 -6.181724E-08
v -0.6935199 -0.70710677 -0.13794981
v -0.65328145 -0.70710677 -0.27059805
v -0.5879377 -0.70710677 -0.3928475
v -0.4999999 -0.70710677 -0.50000006
v -0.3928473 -0.70710677 -0.5879379
v -0.27059782 -0.70710677 -0.65328157
v -0.13794973 -0.70710677 -0.6935199
v 8.432163E-09 -0.70710677 -0.70710677
v 0.13794975 -0.70710677 -0.6935199
v 0.27059817 -0.70710677 -0.6532814
v 0.3928476 -0.70710677 -0.5879377
v 0.5000002 -0.70710677 -0.49999982
v 0.5879378 -0.70710677 -0.3928475
v 0.6532815 -0.70710677 -0.27059805
v 0.69351995 -0.70710677 -0.13794963
v 0.70710677 -0.70710677 1.2363448E-07
v 0.6087614 -0.7933533 0
v 0.59706426 -0.7933533 0.11876346
v 0.5624222 -0.7933533 0.23296292
v 0.50616664 -0.7933533 0.33820975
v 0.43045932 -0.7933533 0.43045932
v 0.3382097 -0.7933533 0.50616664
v 0.2329629 -0.7933533 0.5624222
v 0.11876341 -0.7933533 0.59706426
v -2.6609808E-08 -0.7933533 0.6087614
v -0.11876346 -0.7933533 0.59706426
v -0.23296297 -0.7933533 0.5624222
v -0.3382098 -0.7933533 0.5061666
v -0.43045932 -0.7933533 0.43045932
v -0.50616664 -0.7933533 0.3382097
v -0.5624223 -0.7933533 0.23296282
v -0.59706426 -0.7933533 0.118763454
v -0.6087614 -0.7933533 -5.3219615E-08
v -0.59706426 -0.7933533 -0.118763566
v -0.5624222 -0.7933533 -0.2329629
v -0.5061666 -0.7933533 -0.33820978
v -0.43045926 -0.7933533 -0.4304594
v -0.3382096 -0.7933533 -0.50616676
v -0.23296273 -0.7933533 -0.56242234
v -0.1187635 -0.7933533 -0.59706426
v 7.2594073E-09 -0.7933533 -0.6087614
v 0.11876352 -0.7933533 -0.59706426
v 0.23296303 -0.7933533 -0.56242216
v 0.33820984 -0.7933533 -0.5061665
v 0.43045947 -0.7933533 -0.43045917
v 0.50616664 -0.7933533 -0.33820978
v 0.5624222 -0.7933533 -0.2329629
v 0.59706426 -0.7933533 -0.11876341
v 0.6087614 -0.7933533 1.0643923E-07
v 0.49999982 -0.8660255 0
v 0.49039245 -0.8660255 0.097545125
v 0.46193957 -0.8660255 0.19134165
v 0.41573465 -0.8660255 0.27778503
v 0.35355327 -0.8660255 0.35355327
v 0.277785 -0.8660255 0.41573468
v 0.19134164 -0.8660255 0.46193957
v 0.09754508 -0.8660255 0.49039248
v -2.1855687E-08 -0.8660255 0.49999982
v -0.097545125 -0.8660255 0.49039245
v -0.19134168 -0.8660255 0.46193957
v -0.2777851 -0.8660255 0.41573462
v -0.35355327 -0.8660255 0.35355327
v -0.41573468 -0.8660255 0.277785
v -0.46193963 -0.8660255 0.19134156
v -0.49039248 -0.8660255 0.09754512
v -0.49999982 -0.8660255 -4.3711374E-08
v -0.49039245 -0.8660255 -0.09754521
v -0.46193957 -0.8660255 -0.19134164
v -0.41573462 -0.8660255 -0.27778506
v -0.3535532 -0.8660255 -0.35355332
v -0.2777849 -0.8660255 -0.41573474
v -0.19134149 -0.8660255 -0.46193966
v -0.097545154 -0.8660255 -0.49039245
v 5.962438E-09 -0.8660255 -0.49999982
v 0.09754517 -0.8660255 -0.49039245
v 0.19134173 -0.8660255 -0.46193954
v 0.27778512 -0.8660255 -0.4157346
v 0.35355338 -0.8660255 -0.35355315
v 0.41573465 -0.8660255 -0.27778506
v 0.4619396 -0.8660255 -0.19134164
v 0.49039248 -0.8660255 -0.09754508
v 0.49999982 -0.8660255 8.742275E-08
v 0.38268328 -0.9238796 0
v 0.37533012 -0.9238796 0.074657805
v 0.35355324 -0.9238796 0.14644656
v 0.3181895 -0.9238796 0.21260744
v 0.27059793 -0.9238796 0.27059793
v 0.21260741 -0.9238796 0.31818953
v 0.14644654 -0.9238796 0.35355324
v 0.07465777 -0.9238796 0.37533015
v -1.6727617E-08 -0.9238796 0.38268328
v -0.074657805 -0.9238796 0.37533012
v -0.14644659 -0.9238796 0.35355324
v -0.21260749 -0.9238796 0.31818947
v -0.27059793 -0.9238796 0.27059793
v -0.31818953 -0.9238796 0.21260741
v -0.3535533 -0.9238796 0.1464465
v -0.37533015 -0.9238796 0.0746578
v -0.38268328 -0.9238796 -3.3455233E-08
v -0.37533012 -0.9238796 -0.074657865
v -0.35355324 -0.9238796 -0.14644654
v -0.31818947 -0.9238796 -0.21260746
v -0.2705979 -0.9238796 -0.270598
v -0.21260735 -0.9238796 -0.3181896
v -0.14644644 -0.9238796 -0.3535533
v -0.07465783 -0.9238796 -0.37533012
v 4.5634523E-09 -0.9238796 -0.38268328
v 0.074657835 -0.9238796 -0.37533012
v 0.14644662 -0.9238796 -0.3535532
v 0.2126075 -0.9238796 -0.31818947
v 0.27059802 -0.9238796 -0.27059785
v 0.3181895 -0.9238796 -0.21260746
v 0.35355327 -0.9238796 -0.14644654
v 0.37533015 -0.9238796 -0.07465777
v 0.38268328 -0.9238796 6.691047E-08
v 0.25881892 -0.9659259 0
v 0.25384578 -0.9659259 0.05049307
v 0.2391175 -0.9659259 0.09904572
v 0.21520007 -0.9659259 0.1437921
v 0.18301262 -0.9659259 0.18301262
v 0.14379208 -0.9659259 0.21520008
v 0.099045716 -0.9659259 0.2391175
v 0.050493043 -0.9659259 0.2538458
v -1.1313334E-08 -0.9659259 0.25881892
v -0.05049307 -0.9659259 0.25384578
v -0.09904574 -0.9659259 0.2391175
v -0.14379212 -0.9659259 0.21520005
v -0.18301262 -0.9659259 0.18301262
v -0.21520008 -0.9659259 0.14379208
v -0.23911753 -0.9659259 0.09904567
v -0.2538458 -0.9659259 0.050493065
v -0.25881892 -0.9659259 -2.2626669E-08
v -0.25384578 -0.9659259 -0.05049311
v -0.2391175 -0.9659259 -0.099045716
v -0.21520005 -0.9659259 -0.14379211
v -0.18301259 -0.9659259 -0.18301265
v -0.14379203 -0.9659259 -0.21520011
v -0.099045634 -0.9659259 -0.23911755
v -0.050493084 -0.9659259 -0.25384578
v 3.0863847E-09 -0.9659259 -0.25881892
v 0.05049309 -0.9659259 -0.25384578
v 0.09904576 -0.9659259 -0.23911749
v 0.14379214 -0.9659259 -0.21520004
v 0.18301268 -0.9659259 -0.18301255
v 0.21520007 -0.9659259 -0.14379211
v 0.23911752 -0.9659259 -0.099045716
v 0.2538458 -0.9659259 -0.050493043
v 0.25881892 -0.9659259 4.5253337E-08
v 0.13052632 -0.9914448 0
v 0.12801829 -0.9914448 0.025464421
v 0.12059059 -0.9914448 0.049950264
v 0.108528666 -0.9914448 0.07251654
v 0.09229604 -0.9914448 0.09229604
v 0.07251653 -0.9914448 0.10852867
v 0.04995026 -0.9914448 0.12059059
v 0.02546441 -0.9914448 0.12801829
v -5.7054867E-09 -0.9914448 0.13052632
v -0.025464421 -0.9914448 0.12801829
v -0.04995027 -0.9914448 0.12059059
v -0.07251655 -0.9914448 0.10852866
v -0.09229604 -0.9914448 0.09229604
v -0.10852867 -0.9914448 0.07251653
v -0.120590605 -0.9914448 0.04995024
v -0.12801829 -0.9914448 0.02546442
v -0.13052632 -0.9914448 -1.14109735E-08
v -0.12801829 -0.9914448 -0.025464443
v -0.12059059 -0.9914448 -0.04995026
v -0.10852866 -0.9914448 -0.072516546
v -0.09229603 -0.9914448 -0.09229606
v -0.07251651 -0.9914448 -0.10852869
v -0.04995022 -0.9914448 -0.12059061
v -0.02546443 -0.9914448 -0.12801829
v 1.5565108E-09 -0.9914448 -0.13052632
v 0.025464434 -0.9914448 -0.12801829
v 0.049950283 -0.9914448 -0.12059058
v 0.07251656 -0.9914448 -0.10852865
v 0.09229607 -0.9914448 -0.09229601
v 0.108528666 -0.9914448 -0.072516546
v 0.1205906 -0.9914448 -0.04995026
v 0.12801829 -0.9914448 -0.02546441
v 0.13052632 -0.9914448 2.2821947E-08
v -8.742278E-08 -1 -0
v -8.574297E-08 -1 -1.7055338E-08
v -8.076811E-08 -1 -3.345525E-08
v -7.268938E-08 -1 -4.8569493E-08
v -6.181724E-08 -1 -6.181724E-08
v -4.856949E-08 -1 -7.268939E-08
v -3.3455247E-08 -1 -8.076811E-08
v -1.705533E-08 -1 -8.5742975E-08
v 3.821371E-15 -1 -8.742278E-08
v 1.7055338E-08 -1 -8.574297E-08
v 3.3455255E-08 -1 -8.076811E-08
v 4.8569504E-08 -1 -7.2689375E-08
v 6.181724E-08 -1 -6.181724E-08
v 7.268939E-08 -1 -4.856949E-08
v 8.0768125E-08 -1 -3.3455233E-08
v 8.5742975E-08 -1 -1.7055337E-08
v 8.742278E-08 -1 7.642742E-15
v 8.574297E-08 -1 1.7055353E-08
v 8.076811E-08 -1 3.3455247E-08
v 7.2689375E-08 -1 4.8569497E-08
v 6.1817225E-08 -1 6.1817246E-08
v 4.8569472E-08 -1 7.2689396E-08
v 3.3455223E-08 -1 8.0768125E-08
v 1.7055344E-08 -1 8.574297E-08
v -1.0425061E-15 -1 8.742278E-08
v -1.7055346E-08 -1 8.574297E-08
v -3.345526E-08 -1 8.07681E-08
v -4.8569508E-08 -1 7.268937E-08
v -6.181726E-08 -1 6.181722E-08
v -7.268938E-08 -1 4.8569497E-08
v -8.076812E-08 -1 3.3455247E-08
v -8.5742975E-08 -1 1.705533E-08
v -8.742278E-08 -1 -1.5285484E-14
vt 0 0
vt 0.03125 0
vt 0.0625 0
vt 0.09375 0
vt 0.125 0
vt 0.15625 0
vt 0.1875 0
vt 0.21875 0
vt 0.25 0
vt 0.28125 0
vt 0.3125 0
vt 0.34375 0
vt 0.375 0
vt 0.40625 0
vt 0.4375 0
vt 0.46875 0
vt 0.5 0
vt 0.53125 0
vt 0.5625 0
vt 0.59375 0
vt 0.625 0
vt 0.65625 0
vt 0.6875 0
vt 0.71875 0
vt 0.75 0
vt 0.78125 0
vt 0.8125 0
vt 0.84375 0
vt 0.875 0
vt 0.90625 0
vt 0.9375 0
vt 0.96875 0
vt 1 0
vt 0 0.041666668
vt 0.03125 0.041666668
vt 0.0625 0.041666668
vt 0.09375 0.041666668
vt 0.125 0.041666668
vt 0.15625 0.041666668
vt 0.1875 0.041666668
vt 0.21875 0.041666668
vt 0.25 0.041666668
vt 0.28125 0.041666668
vt 0.3125 0.041666668
vt 0.34375 0.041666668
vt 0.375 0.041666668
vt 0.40625 0.041666668
vt 0.4375 0.041666668
vt 0.46875 0.041666668
vt 0.5 0.041666668
vt 0.53125 0.041666668
vt 0.5625 0.041666668
vt 0.59375 0.041666668
vt 0.625 0.041666668
vt 0.65625 0.041666668
vt 0.6875 0.041666668
vt 0.71875 0.041666668
vt 0.75 0.041666668
vt 0.78125 0.041666668
vt 0.8125 0.041666668
vt 0.84375 0.041666668
vt 0.875 0.041666668
vt 0.90625 0.041666668
vt 0.9375 0.041666668
vt 0.96875 0.041666668
vt 1 0.041666668
vt 0 0.083333336
vt 0.03125 0.083333336
vt 0.0625 0.083333336
vt 0.09375 0.083333336
vt 0.125 0.083333336
vt 0.15625 0.083333336
vt 0.1875 0.083333336
vt 0.21875 0.083333336
vt 0.25 0.083333336
vt 0.28125 0.083333336
vt 0.3125 0.083333336
vt 0.34375 0.083333336
vt 0.375 0.083333336
vt 0.40625 0.083333336
vt 0.4375 0.083333336
vt 0.46875 0.083333336
vt 0.5 0.083333336
vt 0.53125 0.083333336
vt 0.5625 0.083333336
vt 0.59375 0.083333336
vt 0.625 0.083333336
vt 0.65625 0.083333336
vt 0.6875 0.083333336
vt 0.71875 0.083333336
vt 0.75 0.083333336
vt 0.78125 0.083333336
vt 0.8125 0.083333336
vt 0.84375 0.083333336
vt 0.875 0.083333336
vt 0.90625 0.083333336
vt 0.9375 0.083333336
vt 0.96875 0.083333336
vt 1 0.083333336
vt 0 0.125
vt 0.03125 0.125
vt 0.0625 0.125
vt 0.09375 0.125
vt 0.125 0.125
vt 0.15625 0.125
vt 0.1875 0.125
vt 0.21875 0.125
vt 0.25 0.125
vt 0.28125 0.125
vt 0.3125 0.125
vt 0.34375 0.125
vt 0.375 0.125
vt 0.40625 0.125
vt 0.4375 0.125
vt 0.46875 0.125
vt 0.5 0.125
vt 0.53125 0.125
vt 0.5625 0.125
vt 0.59375 0.125
vt 0.625 0.125
vt 0.65625 0.125
vt 0.6875 0.125
vt 0.71875 0.125
vt 0.75 0.125
vt 0.78125 0.125
vt 0.8125 0.125
vt 0.84375 0.125
vt 0.875 0.125
vt 0.90625 0.125
vt 0.9375 0.125
vt 0.96875 0.125
vt 1 0.125
vt 0 0.16666667
vt 0.03125 0.16666667
vt 0.0625 0.16666667
vt 0.09375 0.16666667
vt 0.125 0.16666667
vt 0.15625 0.16666667
vt 0.1875 0.16666667
vt 0.21875 0.16666667
vt 0.25 0.16666667
vt 0.28125 0.16666667
vt 0.3125 0.16666667
vt 0.34375 0.16666667
vt 0.375 0.16666667
vt 0.40625 0.16666667
vt 0.4375 0.16666667
vt 0.46875 0.16666667
vt 0.5 0.16666667
vt 0.53125 0.16666667
vt 0.5625 0.16666667
vt 0.59375 0.16666667
vt 0.625 0.16666667
vt 0.65625 0.16666667
vt 0.6875 0.16666667
vt 0.71875 0.16666667
vt 0.75 0.16666667
vt 0.78125 0.16666667
vt 0.8125 0.16666667
vt 0.84375 0.16666667
vt 0.875 0.16666667
vt 0.90625 0.16666667
vt 0.9375 0.16666667
vt 0.96875 0.16666667
vt 1 0.16666667
vt 0 0.20833333
vt 0.03125 0.20833333
vt 0.0625 0.20833333
vt 0.09375 0.20833333
vt 0.125 0.20833333
vt 0.15625 0.20833333
vt 0.1875 0.20833333
vt 0.21875 0.20833333
vt 0.25 0.20833333
vt 0.28125 0.20833333
vt 0.3125 0.20833333
vt 0.34375 0.20833333
vt 0.375 0.20833333
vt 0.40625 0.20833333
vt 0.4375 0.20833333
vt 0.46875 0.20833333
vt 0.5 0.20833333
vt 0.53125 0.20833333
vt 0.5625 0.20833333
vt 0.59375 0.20833333
vt 0.625 0.20833333
vt 0.65625 0.20833333
vt 0.6875 0.20833333
vt 0.71875 0.20833333
vt 0.75 0.20833333
vt 0.78125 0.20833333
vt 0.8125 0.20833333
vt 0.84375 0.20833333
vt 0.875 0.20833333
vt 0.90625 0.20833333
vt 0.9375 0.20833333
vt 0.96875 0.20833333
vt 1 0.20833333
vt 0 0.25
vt 0.03125 0.25
vt 0.0625 0.25
vt 0.09375 0.25
vt 0.125 0.25
vt 0.15625 0.25
vt 0.1875 0.25
vt 0.21875 0.25
vt 0.25 0.25
vt 0.28125 0.25
vt 0.3125 0.25
vt 0.34375 0.25
vt 0.375 0.25
vt 0.40625 0.25
vt 0.4375 0.25
vt 0.46875 0.25
vt 0.5 0.25
vt 0.53125 0.25
vt 0.5625 0.25
vt 0.59375 0.25
vt 0.625 0.25
vt 0.65625 0.25
vt 0.6875 0.25
vt 0.71875 0.25
vt 0.75 0.25
vt 0.78125 0.25
vt 0.8125 0.25
vt 0.84375 0.25
vt 0.875 0.25
vt 0.90625 0.25
vt 0.9375 0.25
vt 0.96875 0.25
vt 1 0.25
vt 0 0.29166666
vt 0.03125 0.29166666
vt 0.0625 0.29166666
vt 0.09375 0.29166666
vt 0.125 0.29166666
vt 0.15625 0.29166666
vt 0.1875 0.29166666
vt 0.21875 0.29166666
vt 0.25 0.29166666
vt 0.28125 0.29166666
vt 0.3125 0.29166666
vt 0.34375 0.29166666
vt 0.375 0.29166666
vt 0.40625 0.29166666
vt 0.4375 0.29166666
vt 0.46875 0.29166666
vt 0.5 0.29166666
vt 0.53125 0.29166666
vt 0.5625 0.29166666
vt 0.59375 0.29166666
vt 0.625 0.29166666
vt 0.65625 0.29166666
vt 0.6875 0.29166666
vt 0.71875 0.29166666
vt 0.75 0.29166666
vt 0.78125 0.29166666
vt 0.8125 0.29166666
vt 0.84375 0.29166666
vt 0.875 0.29166666
vt 0.90625 0.29166666
vt 0.9375 0.29166666
vt 0.96875 0.29166666
vt 1 0.29166666
vt 0 0.33333334
vt 0.03125 0.33333334
vt 0.0625 0.33333334
vt 0.09375 0.33333334
vt 0.125 0.33333334
vt 0.15625 0.33333334
vt 0.1875 0.33333334
vt 0.21875 0.33333334
vt 0.25 0.33333334
vt 0.28125 0.33333334
vt 0.3125 0.33333334
vt 0.34375 0.33333334
vt 0.375 0.33333334
vt 0.40625 0.33333334
vt 0.4375 0.33333334
vt 0.46875 0.33333334
vt 0.5 0.33333334
vt 0.53125 0.33333334
vt 0.5625 0.33333334
vt 0.59375 0.33333334
vt 0.625 0.33333334
vt 0.65625 0.33333334
vt 0.6875 0.33333334
vt 0.71875 0.33333334
vt 0.75 0.33333334
vt 0.78125 0.33333334
vt 0.8125 0.33333334
vt 0.84375 0.33333334
vt 0.875 0.33333334
vt 0.90625 0.33333334
vt 0.9375 0.33333334
vt 0.96875 0.33333334
vt 1 0.33333334
vt 0 0.375
vt 0.03125 0.375
vt 0.0625 0.375
vt 0.09375 0.375
vt 0.125 0.375
vt 0.15625 0.375
vt 0.1875 0.375
vt 0.21875 0.375
vt 0.25 0.375
vt 0.28125 0.375
vt 0.3125 0.375
vt 0.34375 0.375
vt 0.375 0.375
vt 0.40625 0.375
vt 0.4375 0.375
vt 0.46875 0.375
vt 0.5 0.375
vt 0.53125 0.375
vt 0.5625 0.375
vt 0.59375 0.375
vt 0.625 0.375
vt 0.65625 0.375
vt 0.6875 0.375
vt 0.71875 0.375
vt 0.75 0.375
vt 0.78125 0.375
vt 0.8125 0.375
vt 0.84375 0.375
vt 0.875 0.375
vt 0.90625 0.375
vt 0.9375 0.375
vt 0.96875 0.375
vt 1 0.375
vt 0 0.41666666
vt 0.03125 0.41666666
vt 0.0625 0.41666666
vt 0.09375 0.41666666
vt 0.125 0.41666666
vt 0.15625 0.41666666
vt 0.1875 0.41666666
vt 0.21875 0.41666666
vt 0.25 0.41666666
vt 0.28125 0.41666666
vt 0.3125 0.41666666
vt 0.34375 0.41666666
vt 0.375 0.41666666
vt 0.40625 0.41666666
vt 0.4375 0.41666666
vt 0.46875 0.41666666
vt 0.5 0.41666666
vt 0.53125 0.41666666
vt 0.5625 0.41666666
vt 0.59375 0.41666666
vt 0.625 0.41666666
vt 0.65625 0.41666666
vt 0.6875 0.41666666
vt 0.71875 0.41666666
vt 0.75 0.41666666
vt 0.78125 0.41666666
vt 0.8125 0.41666666
vt 0.84375 0.41666666
vt 0.875 0.41666666
vt 0.90625 0.41666666
vt 0.9375 0.41666666
vt 0.96875 0.41666666
vt 1 0.41666666
vt 0 0.45833334
vt 0.03125 0.45833334
vt 0.0625 0.45833334
vt 0.09375 0.45833334
vt 0.125 0.45833334
vt 0.15625 0.45833334
vt 0.1875 0.45833334
vt 0.21875 0.45833334
vt 0.25 0.45833334
vt 0.28125 0.45833334
vt 0.3125 0.45833334
vt 0.34375 0.45833334
vt 0.375 0.45833334
vt 0.40625 0.45833334
vt 0.4375 0.45833334
vt 0.46875 0.45833334
vt 0.5 0.45833334
vt 0.53125 0.45833334
vt 0.5625 0.45833334
vt 0.59375 0.45833334
vt 0.625 0.45833334
vt 0.65625 0.45833334
vt 0.6875 0.45833334
vt 0.71875 0.45833334
vt 0.75 0.45833334
vt 0.78125 0.45833334
vt 0.8125 0.45833334
vt 0.84375 0.45833334
vt 0.875 0.45833334
vt 0.90625 0.45833334
vt 0.9375 0.45833334
vt 0.96875 0.45833334
vt 1 0.45833334
vt 0 0.5
vt 0.03125 0.5
vt 0.0625 0.5
vt 0.09375 0.5
vt 0.125 0.5
vt 0.15625 0.5
vt 0.1875 0.5
vt 0.21875 0.5
vt 0.25 0.5
vt 0.28125 0.5
vt 0.3125 0.5
vt 0.34375 0.5
vt 0.375 0.5
vt 0.40625 0.5
vt 0.4375 0.5
vt 0.46875 0.5
vt 0.5 0.5
vt 0.53125 0.5
vt 0.5625 0.5
vt 0.59375 0.5
vt 0.625 0.5
vt 0.65625 0.5
vt 0.6875 0.5
vt 0.71875 0.5
vt 0.75 0.5
vt 0.78125 0.5
vt 0.8125 0.5
vt 0.84375 0.5
vt 0.875 0.5
vt 0.90625 0.5
vt 0.9375 0.5
vt 0.96875 0.5
vt 1 0.5
vt 0 0.5416667
vt 0.03125 0.5416667
vt 0.0625 0.5416667
vt 0.09375 0.5416667
vt 0.125 0.5416667
vt 0.15625 0.5416667
vt 0.1875 0.5416667
vt 0.21875 0.5416667
vt 0.25 0.5416667
vt 0.28125 0.5416667
vt 0.3125 0.5416667
vt 0.34375 0.5416667
vt 0.375 0.5416667
vt 0.40625 0.5416667
vt 0.4375 0.5416667
vt 0.46875 0.5416667
vt 0.5 0.5416667
vt 0.53125 0.5416667
vt 0.5625 0.5416667
vt 0.59375 0.5416667
vt 0.625 0.5416667
vt 0.65625 0.5416667
vt 0.6875 0.5416667
vt 0.71875 0.5416667
vt 0.75 0.5416667
vt 0.78125 0.5416667
vt 0.8125 0.5416667
vt 0.84375 0.5416667
vt 0.875 0.5416667
vt 0.90625 0.5416667
vt 0.9375 0.5416667
vt 0.96875 0.5416667
vt 1 0.5416667
vt 0 0.5833333
vt 0.03125 0.5833333
vt 0.0625 0.5833333
vt 0.09375 0.5833333
vt 0.125 0.5833333
vt 0.15625 0.5833333
vt 0.1875 0.5833333
vt 0.21875 0.5833333
vt 0.25 0.5833333
vt 0.28125 0.5833333
vt 0.3125 0.5833333
vt 0.34375 0.5833333
vt 0.375 0.5833333
vt 0.40625 0.5833333
vt 0.4375 0.5833333
vt 0.46875 0.5833333
vt 0.5 0.5833333
vt 0.53125 0.5833333
vt 0.5625 0.5833333
vt 0.59375 0.5833333
vt 0.625 0.5833333
vt 0.65625 0.5833333
vt 0.6875 0.5833333
vt 0.71875 0.5833333
vt 0.75 0.5833333
vt 0.78125 0.5833333
vt 0.8125 0.5833333
vt 0.84375 0.5833333
vt 0.875 0.5833333
vt 0.90625 0.5833333
vt 0.9375 0.5833333
vt 0.96875 0.5833333
vt 1 0.5833333
vt 0 0.625
vt 0.03125 0.625
vt 0.0625 0.625
vt 0.09375 0.625
vt 0.125 0.625
vt 0.15625 0.625
vt 0.1875 0.625
vt 0.21875 0.625
vt 0.25 0.625
vt 0.28125 0.625
vt 0.3125 0.625
vt 0.34375 0.625
vt 0.375 0.625
vt 0.40625 0.625
vt 0.4375 0.625
vt 0.46875 0.625
vt 0.5 0.625
vt 0.53125 0.625
vt 0.5625 0.625
vt 0.59375 0.625
vt 0.625 0.625
vt 0.65625 0.625
vt 0.6875 0.625
vt 0.71875 0.625
vt 0.75 0.625
vt 0.78125 0.625
vt 0.8125 0.625
vt 0.84375 0.625
vt 0.875 0.625
vt 0.90625 0.625
vt 0.9375 0.625
vt 0.96875 0.625
vt 1 0.625
vt 0 0.6666667
vt 0.03125 0.6666667
vt 0.0625 0.6666667
vt 0.09375 0.6666667
vt 0.125 0.6666667
vt 0.15625 0.6666667
vt 0.1875 0.6666667
vt 0.21875 0.6666667
vt 0.25 0.6666667
vt 0.28125 0.6666667
vt 0.3125 0.6666667
vt 0.34375 0.6666667
vt 0.375 0.6666667
vt 0.40625 0.6666667
vt 0.4375 0.6666667
vt 0.46875 0.6666667
vt 0.5 0.6666667
vt 0.53125 0.6666667
vt 0.5625 0.6666667
vt 0.59375 0.6666667
vt 0.625 0.6666667
vt 0.65625 0.6666667
vt 0.6875 0.6666667
vt 0.71875 0.6666667
vt 0.75 0.6666667
vt 0.78125 0.6666667
vt 0.8125 0.6666667
vt 0.84375 0.6666667
vt 0.875 0.6666667
vt 0.90625 0.6666667
vt 0.9375 0.6666667
vt 0.96875 0.6666667
vt 1 0.6666667
vt 0 0.7083333
vt 0.03125 0.7083333
vt 0.0625 0.7083333
vt 0.09375 0.7083333
vt 0.125 0.7083333
vt 0.15625 0.7083333
vt 0.1875 0.7083333
vt 0.21875 0.7083333
vt 0.25 0.7083333
vt 0.28125 0.7083333
vt 0.3125 0.7083333
vt 0.34375 0.7083333
vt 0.375 0.7083333
vt 0.40625 0.7083333
vt 0.4375 0.7083333
vt 0.46875 0.7083333
vt 0.5 0.7083333
vt 0.53125 0.7083333
vt 0.5625 0.7083333
vt 0.59375 0.7083333
vt 0.625 0.7083333
vt 0.65625 0.7083333
vt 0.6875 0.7083333
vt 0.71875 0.7083333
vt 0.75 0.7083333
vt 0.78125 0.7083333
vt 0.8125 0.7083333
vt 0.84375 0.7083333
vt 0.875 0.7083333
vt 0.90625 0.7083333
vt 0.9375 0.7083333
vt 0.96875 0.7083333
vt 1 0.7083333
vt 0 0.75
vt 0.03125 0.75
vt 0.0625 0.75
vt 0.09375 0.75
vt 0.125 0.75
vt 0.15625 0.75
vt 0.1875 0.75
vt 0.21875 0.75
vt 0.25 0.75
vt 0.28125 0.75
vt 0.3125 0.75
vt 0.34375 0.75
vt 0.375 0.75
vt 0.40625 0.75
vt 0.4375 0.75
vt 0.46875 0.75
vt 0.5 0.75
vt 0.53125 0.75
vt 0.5625 0.75
vt 0.59375 0.75
vt 0.625 0.75
vt 0.65625 0.75
vt 0.6875 0.75
vt 0.71875 0.75
vt 0.75 0.75
vt 0.78125 0.75
vt 0.8125 0.75
vt 0.84375 0.75
vt 0.875 0.75
vt 0.90625 0.75
vt 0.9375 0.75
vt 0.96875 0.75
vt 1 0.75
vt 0 0.7916667
vt 0.03125 0.7916667
vt 0.0625 0.7916667
vt 0.09375 0.7916667
vt 0.125 0.7916667
vt 0.15625 0.7916667
vt 0.1875 0.7916667
vt 0.21875 0.7916667
vt 0.25 0.7916667
vt 0.28125 0.7916667
vt 0.3125 0.7916667
vt 0.34375 0.7916667
vt 0.375 0.7916667
vt 0.40625 0.7916667
vt 0.4375 0.7916667
vt 0.46875 0.7916667
vt 0.5 0.7916667
vt 0.53125 0.7916667
vt 0.5625 0.7916667
vt 0.59375 0.7916667
vt 0.625 0.7916667
vt 0.65625 0.7916667
vt 0.6875 0.7916667
vt 0.71875 0.7916667
vt 0.75 0.7916667
vt 0.78125 0.7916667
vt 0.8125 0.7916667
vt 0.84375 0.7916667
vt 0.875 0.7916667
vt 0.90625 0.7916667
vt 0.9375 0.7916667
vt 0.96875 0.7916667
vt 1 0.7916667
vt 0 0.8333333
vt 0.03125 0.8333333
vt 0.0625 0.8333333
vt 0.09375 0.8333333
vt 0.125 0.8333333
vt 0.15625 0.8333333
vt 0.1875 0.8333333
vt 0.21875 0.8333333
vt 0.25 0.8333333
vt 0.28125 0.8333333
vt 0.3125 0.8333333
vt 0.34375 0.8333333
vt 0.375 0.8333333
vt 0.40625 0.8333333
vt 0.4375 0.8333333
vt 0.46875 0.8333333
vt 0.5 0.8333333
vt 0.53125 0.8333333
vt 0.5625 0.8333333
vt 0.59375 0.8333333
vt 0.625 0.8333333
vt 0.65625 0.8333333
vt 0.6875 0.8333333
vt 0.71875 0.8333333
vt 0.75 0.8333333
vt 0.78125 0.8333333
vt 0.8125 0.8333333
vt 0.84375 0.8333333
vt 0.875 0.8333333
vt 0.90625 0.8333333
vt 0.9375 0.8333333
vt 0.96875 0.8333333
vt 1 0.8333333
vt 0 0.875
vt 0.03125 0.875
vt 0.0625 0.875
vt 0.09375 0.875
vt 0.125 0.875
vt 0.15625 0.875
vt 0.1875 0.875
vt 0.21875 0.875
vt 0.25 0.875
vt 0.28125 0.875
vt 0.3125 0.875
vt 0.34375 0.875
vt 0.375 0.875
vt 0.40625 0.875
vt 0.4375 0.875
vt 0.46875 0.875
vt 0.5 0.875
vt 0.53125 0.875
vt 0.5625 0.875
vt 0.59375 0.875
vt 0.625 0.875
vt 0.65625 0.875
vt 0.6875 0.875
vt 0.71875 0.875
vt 0.75 0.875
vt 0.78125 0.875
vt 0.8125 0.875
vt 0.84375 0.875
vt 0.875 0.875
vt 0.90625 0.875
vt 0.9375 0.875
vt 0.96875 0.875
vt 1 0.875
vt 0 0.9166667
vt 0.03125 0.9166667
vt 0.0625 0.9166667
vt 0.09375 0.9166667
vt 0.125 0.9166667
vt 0.15625 0.9166667
vt 0.1875 0.9166667
vt 0.21875 0.9166667
vt 0.25 0.9166667
vt 0.28125 0.9166667
vt 0.3125 0.9166667
vt 0.34375 0.9166667
vt 0.375 0.9166667
vt 0.40625 0.9166667
vt 0.4375 0.9166667
vt 0.46875 0.9166667
vt 0.5 0.9166667
vt 0.53125 0.9166667
vt 0.5625 0.9166667
vt 0.59375 0.9166667
vt 0.625 0.9166667
vt 0.65625 0.9166667
vt 0.6875 0.9166667
vt 0.71875 0.9166667
vt 0.75 0.9166667
vt 0.78125 0.9166667
vt 0.8125 0.9166667
vt 0.84375 0.9166667
vt 0.875 0.9166667
vt 0.90625 0.9166667
vt 0.9375 0.9166667
vt 0.96875 0.9166667
vt 1 0.9166667
vt 0 0.9583333
vt 0.03125 0.9583333
vt 0.0625 0.9583333
vt 0.09375 0.9583333
vt 0.125 0.9583333
vt 0.15625 0.9583333
vt 0.1875 0.9583333
vt 0.21875 0.9583333
vt 0.25 0.9583333
vt 0.28125 0.9583333
vt 0.3125 0.9583333
vt 0.34375 0.9583333
vt 0.375 0.9583333
vt 0.40625 0.9583333
vt 0.4375 0.9583333
vt 0.46875 0.9583333
vt 0.5 0.9583333
vt 0.53125 0.9583333
vt 0.5625 0.9583333
vt 0.59375 0.9583333
vt 0.625 0.9583333
vt 0.65625 0.9583333
vt 0.6875 0.9583333
vt 0.71875 0.9583333
vt 0.75 0.9583333
vt 0.78125 0.9583333
vt 0.8125 0.9583333
vt 0.84375 0.9583333
vt 0.875 0.9583333
vt 0.90625 0.9583333
vt 0.9375 0.9583333
vt 0.96875 0.9583333
vt 1 0.9583333
vt 0 1
vt 0.03125 1
vt 0.0625 1
vt 0.09375 1
vt 0.125 1
vt 0.15625 1
vt 0.1875 1
vt 0.21875 1
vt 0.25 1
vt 0.28125 1
vt 0.3125 1
vt 0.34375 1
vt 0.375 1
vt 0.40625 1
vt 0.4375 1
vt 0.46875 1
vt 0.5 1
vt 0.53125 1
vt 0.5625 1
vt 0.59375 1
vt 0.625 1
vt 0.65625 1
vt 0.6875 1
vt 0.71875 1
vt 0.75 1
vt 0.78125 1
vt 0.8125 1
vt 0.84375 1
vt 0.875 1
vt 0.90625 1
vt 0.9375 1
vt 0.96875 1
vt 1 1
vn 0 1 0
vn 0 1 0
vn 0 1 0
vn 0 1 0
vn 0 1 0
vn 0 1 0
vn 0 1 0
vn 0 1 0
vn -0 1 0
vn -0 1 0
vn -0 1 0
vn -0 1 0
vn -0 1 0
vn -0 1 0
vn -0 1 0
vn -0 1 0
vn -0 1 -0
vn -0 1 -0
vn -0 1 -0
vn -0 1 -0
vn -0 1 -0
vn -0 1 -0
vn -0 1 -0
vn -0 1 -0
vn 0 1 -0
vn 0 1 -0
vn 0 1 -0
vn 0 1 -0
vn 0 1 -0
vn 0 1 -0
vn 0 1 -0
vn 0 1 -0
vn 0 1 0
vn 0.1305262 0.9914449 0
vn 0.12801817 0.9914449 0.025464399
vn 0.12059048 0.9914449 0.049950216
vn 0.10852857 0.9914449 0.07251647
vn 0.09229596 0.9914449 0.09229596
vn 0.07251646 0.9914449 0.10852858
vn 0.049950212 0.9914449 0.12059048
vn 0.025464388 0.9914449 0.12801819
vn -5.7054814E-09 0.9914449 0.1305262
vn -0.025464399 0.9914449 0.12801817
vn -0.049950223 0.9914449 0.12059048
vn -0.072516486 0.9914449 0.10852856
vn -0.09229596 0.9914449 0.09229596
vn -0.10852858 0.9914449 0.07251646
vn -0.12059049 0.9914449 0.049950194
vn -0.12801819 0.9914449 0.025464397
vn -0.1305262 0.9914449 -1.1410963E-08
vn -0.12801817 0.9914449 -0.02546442
vn -0.12059048 0.9914449 -0.049950212
vn -0.10852856 0.9914449 -0.07251648
vn -0.092295945 0.9914449 -0.092295974
vn -0.07251644 0.9914449 -0.10852859
vn -0.049950175 0.9914449 -0.1205905
vn -0.025464406 0.9914449 -0.12801817
vn 1.5565094E-09 0.9914449 -0.1305262
vn 0.02546441 0.9914449 -0.12801817
vn 0.04995024 0.9914449 -0.12059047
vn 0.07251649 0.9914449 -0.108528554
vn 0.09229599 0.9914449 -0.09229593
vn 0.10852857 0.9914449 -0.07251648
vn 0.120590486 0.9914449 -0.049950212
vn 0.12801819 0.9914449 -0.025464388
vn 0.1305262 0.9914449 2.2821926E-08
vn 0.25881904 0.9659258 0
vn 0.2538459 0.9659258 0.05049309
vn 0.23911761 0.9659258 0.09904577
vn 0.21520017 0.9659258 0.14379215
vn 0.1830127 0.9659258 0.1830127
vn 0.14379214 0.9659258 0.21520019
vn 0.09904576 0.9659258 0.23911761
vn 0.05049307 0.9659258 0.25384593
vn -1.131334E-08 0.9659258 0.25881904
vn -0.05049309 0.9659258 0.2538459
vn -0.09904578 0.9659258 0.23911761
vn -0.1437922 0.9659258 0.21520016
vn -0.1830127 0.9659258 0.1830127
vn -0.21520019 0.9659258 0.14379214
vn -0.23911764 0.9659258 0.099045716
vn -0.25384593 0.9659258 0.050493088
vn -0.25881904 0.9659258 -2.262668E-08
vn -0.2538459 0.9659258 -0.050493132
vn -0.23911761 0.9659258 -0.09904576
vn -0.21520016 0.9659258 -0.14379218
vn -0.18301266 0.9659258 -0.18301272
vn -0.1437921 0.9659258 -0.21520022
vn -0.09904568 0.9659258 -0.23911765
vn -0.050493106 0.9659258 -0.2538459
vn 3.0863863E-09 0.9659258 -0.25881904
vn 0.050493114 0.9659258 -0.2538459
vn 0.099045806 0.9659258 -0.2391176
vn 0.14379221 0.9659258 -0.21520014
vn 0.18301275 0.9659258 -0.18301263
vn 0.21520017 0.9659258 -0.14379218
vn 0.23911762 0.9659258 -0.09904576
vn 0.25384593 0.9659258 -0.05049307
vn 0.25881904 0.9659258 4.525336E-08
vn 0.38268346 0.9238795 0
vn 0.3753303 0.9238795 0.07465784
vn 0.3535534 0.9238795 0.14644663
vn 0.31818965 0.9238795 0.21260755
vn 0.27059805 0.9238795 0.27059805
vn 0.21260752 0.9238795 0.31818968
vn 0.14644662 0.9238795 0.3535534
vn 0.074657805 0.9238795 0.3753303
vn -1.6727626E-08 0.9238795 0.38268346
vn -0.07465784 0.9238795 0.3753303
vn -0.14644665 0.9238795 0.3535534
vn -0.21260759 0.9238795 0.31818962
vn -0.27059805 0.9238795 0.27059805
vn -0.31818968 0.9238795 0.21260752
vn -0.35355344 0.9238795 0.14644656
vn -0.3753303 0.9238795 0.074657835
vn -0.38268346 0.9238795 -3.345525E-08
vn -0.3753303 0.9238795 -0.0746579
vn -0.3535534 0.9238795 -0.14644662
vn -0.31818962 0.9238795 -0.21260756
vn -0.27059802 0.9238795 -0.2705981
vn -0.21260744 0.9238795 -0.31818974
vn -0.1464465 0.9238795 -0.35355347
vn -0.074657865 0.9238795 -0.3753303
vn 4.5634545E-09 0.9238795 -0.38268346
vn 0.07465787 0.9238795 -0.3753303
vn 0.14644669 0.9238795 -0.35355338
vn 0.2126076 0.9238795 -0.31818962
vn 0.27059814 0.9238795 -0.27059796
vn 0.31818965 0.9238795 -0.21260756
vn 0.3535534 0.9238795 -0.14644662
vn 0.3753303 0.9238795 -0.074657805
vn 0.38268346 0.9238795 6.69105E-08
vn 0.5 0.8660254 0
vn 0.49039263 0.8660254 0.09754516
vn 0.46193975 0.8660254 0.19134173
vn 0.4157348 0.8660254 0.27778512
vn 0.35355338 0.8660254 0.35355338
vn 0.2777851 0.8660254 0.41573483
vn 0.19134171 0.8660254 0.46193975
vn 0.09754512 0.8660254 0.49039266
vn -2.1855694E-08 0.8660254 0.5
vn -0.09754516 0.8660254 0.49039263
vn -0.19134176 0.8660254 0.46193975
vn -0.27778518 0.8660254 0.41573477
vn -0.35355338 0.8660254 0.35355338
vn -0.41573483 0.8660254 0.2777851
vn -0.4619398 0.8660254 0.19134164
vn -0.49039266 0.8660254 0.097545154
vn -0.5 0.8660254 -4.371139E-08
vn -0.49039263 0.8660254 -0.097545244
vn -0.46193975 0.8660254 -0.19134171
vn -0.41573477 0.8660254 -0.27778515
vn -0.35355332 0.8660254 -0.35355344
vn -0.277785 0.8660254 -0.4157349
vn -0.19134156 0.8660254 -0.46193984
vn -0.09754519 0.8660254 -0.49039263
vn 5.9624403E-09 0.8660254 -0.5
vn 0.09754521 0.8660254 -0.49039263
vn 0.1913418 0.8660254 -0.46193972
vn 0.2777852 0.8660254 -0.41573474
vn 0.3535535 0.8660254 -0.35355327
vn 0.4157348 0.8660254 -0.27778515
vn 0.46193978 0.8660254 -0.19134171
vn 0.49039266 0.8660254 -0.09754512
vn 0.5 0.8660254 8.742278E-08
vn 0.6087615 0.7933533 0
vn 0.5970643 0.7933533 0.11876348
vn 0.5624223 0.7933533 0.23296295
vn 0.5061667 0.7933533 0.33820978
vn 0.43045938 0.7933533 0.43045938
vn 0.33820975 0.7933533 0.5061667
vn 0.23296294 0.7933533 0.5624223
vn 0.118763424 0.7933533 0.5970643
vn -2.660981E-08 0.7933533 0.6087615
vn -0.11876348 0.7933533 0.5970643
vn -0.23296298 0.7933533 0.5624223
vn -0.33820984 0.7933533 0.50616664
vn -0.43045938 0.7933533 0.43045938
vn -0.5061667 0.7933533 0.33820975
vn -0.56242234 0.7933533 0.23296285
vn -0.5970643 0.7933533 0.11876347
vn -0.6087615 0.7933533 -5.321962E-08
vn -0.5970643 0.7933533 -0.11876357
vn -0.5624223 0.7933533 -0.23296294
vn -0.50616664 0.7933533 -0.3382098
vn -0.4304593 0.7933533 -0.43045944
vn -0.33820963 0.7933533 -0.50616676
vn -0.23296276 0.7933533 -0.5624224
vn -0.118763514 0.7933533 -0.5970643
vn 7.259408E-09 0.7933533 -0.6087615
vn 0.11876353 0.7933533 -0.5970643
vn 0.23296304 0.7933533 -0.5624222
vn 0.33820987 0.7933533 -0.5061666
vn 0.43045953 0.7933533 -0.43045923
vn 0.5061667 0.7933533 -0.3382098
vn 0.5624223 0.7933533 -0.23296294
vn 0.5970643 0.7933533 -0.118763424
vn 0.6087615 0.7933533 1.0643924E-07
vn 0.70710677 0.70710677 0
vn 0.6935199 0.70710677 0.13794969
vn 0.65328145 0.70710677 0.27059805
vn 0.5879378 0.70710677 0.39284748
vn 0.49999997 0.70710677 0.49999997
vn 0.39284745 0.70710677 0.58793783
vn 0.27059805 0.70710677 0.65328145
vn 0.13794963 0.70710677 0.69351995
vn -3.090862E-08 0.70710677 0.70710677
vn -0.13794969 0.70710677 0.6935199
vn -0.2705981 0.70710677 0.65328145
vn -0.39284757 0.70710677 0.5879377
vn -0.49999997 0.70710677 0.49999997
vn -0.58793783 0.70710677 0.39284745
vn -0.6532815 0.70710677 0.27059793
vn -0.69351995 0.70710677 0.13794968
vn -0.70710677 0.70710677 -6.181724E-08
vn -0.6935199 0.70710677 -0.13794981
vn -0.65328145 0.70710677 -0.27059805
vn -0.5879377 0.70710677 -0.3928475
vn -0.4999999 0.70710677 -0.50000006
vn -0.3928473 0.70710677 -0.5879379
vn -0.27059782 0.70710677 -0.65328157
vn -0.13794973 0.70710677 -0.6935199
vn 8.432163E-09 0.70710677 -0.70710677
vn 0.13794975 0.70710677 -0.6935199
vn 0.27059817 0.70710677 -0.6532814
vn 0.3928476 0.70710677 -0.5879377
vn 0.5000002 0.70710677 -0.49999982
vn 0.5879378 0.70710677 -0.3928475
vn 0.6532815 0.70710677 -0.27059805
vn 0.69351995 0.70710677 -0.13794963
vn 0.70710677 0.70710677 1.2363448E-07
vn 0.7933534 0.60876137 0
vn 0.7781093 0.60876137 0.15477557
vn 0.7329629 0.60876137 0.3036032
vn 0.6596492 0.60876137 0.44076353
vn 0.56098557 0.60876137 0.56098557
vn 0.44076347 0.60876137 0.65964925
vn 0.3036032 0.60876137 0.7329629
vn 0.1547755 0.60876137 0.7781093
vn -3.467858E-08 0.60876137 0.7933534
vn -0.15477557 0.60876137 0.7781093
vn -0.30360326 0.60876137 0.7329629
vn -0.44076362 0.60876137 0.6596492
vn -0.56098557 0.60876137 0.56098557
vn -0.65964925 0.60876137 0.44076347
vn -0.732963 0.60876137 0.30360308
vn -0.7781093 0.60876137 0.15477556
vn -0.7933534 0.60876137 -6.935716E-08
vn -0.7781093 0.60876137 -0.1547757
vn -0.7329629 0.60876137 -0.3036032
vn -0.6596492 0.60876137 -0.4407636
vn -0.56098545 0.60876137 -0.5609856
vn -0.44076335 0.60876137 -0.6596494
vn -0.30360296 0.60876137 -0.7329631
vn -0.15477562 0.60876137 -0.7781093
vn 9.460645E-09 0.60876137 -0.7933534
vn 0.15477563 0.60876137 -0.7781093
vn 0.30360332 0.60876137 -0.7329629
vn 0.44076368 0.60876137 -0.65964913
vn 0.56098574 0.60876137 -0.5609853
vn 0.6596492 0.60876137 -0.4407636
vn 0.73296297 0.60876137 -0.3036032
vn 0.7781093 0.60876137 -0.1547755
vn 0.7933534 0.60876137 1.3871431E-07
vn 0.86602545 0.49999997 0
vn 0.84938496 0.49999997 0.16895318
vn 0.8001032 0.49999997 0.3314136
vn 0.7200738 0.49999997 0.48113796
vn 0.61237246 0.49999997 0.61237246
vn 0.48113793 0.49999997 0.7200739
vn 0.3314136 0.49999997 0.8001032
vn 0.1689531 0.49999997 0.849385
vn -3.7855173E-08 0.49999997 0.86602545
vn -0.16895318 0.49999997 0.84938496
vn -0.33141366 0.49999997 0.8001032
vn -0.48113808 0.49999997 0.72007376
vn -0.61237246 0.49999997 0.61237246
vn -0.7200739 0.49999997 0.48113793
vn -0.80010325 0.49999997 0.33141345
vn -0.849385 0.49999997 0.16895317
vn -0.86602545 0.49999997 -7.5710346E-08
vn -0.84938496 0.49999997 -0.16895333
vn -0.8001032 0.49999997 -0.3314136
vn -0.72007376 0.49999997 -0.48113802
vn -0.61237234 0.49999997 -0.6123726
vn -0.48113775 0.49999997 -0.720074
vn -0.33141333 0.49999997 -0.8001033
vn -0.16895324 0.49999997 -0.84938496
vn 1.032725E-08 0.49999997 -0.86602545
vn 0.16895327 0.49999997 -0.84938496
vn 0.33141375 0.49999997 -0.8001031
vn 0.4811381 0.49999997 -0.7200737
vn 0.61237264 0.49999997 -0.6123723
vn 0.7200738 0.49999997 -0.48113802
vn 0.8001032 0.49999997 -0.3314136
vn 0.849385 0.49999997 -0.1689531
vn 0.86602545 0.49999997 1.5142069E-07
vn 0.9238795 0.38268343 0
vn 0.9061274 0.38268343 0.18023995
vn 0.85355335 0.38268343 0.3535534
vn 0.7681777 0.38268343 0.51328
vn 0.65328145 0.38268343 0.65328145
vn 0.5132799 0.38268343 0.76817775
vn 0.35355338 0.38268343 0.85355335
vn 0.18023987 0.38268343 0.90612745
vn -4.0384055E-08 0.38268343 0.9238795
vn -0.18023995 0.38268343 0.9061274
vn -0.35355344 0.38268343 0.85355335
vn -0.5132801 0.38268343 0.7681777
vn -0.65328145 0.38268343 0.65328145
vn -0.76817775 0.38268343 0.5132799
vn -0.8535535 0.38268343 0.35355324
vn -0.90612745 0.38268343 0.18023993
vn -0.9238795 0.38268343 -8.076811E-08
vn -0.9061274 0.38268343 -0.18024011
vn -0.85355335 0.38268343 -0.35355338
vn -0.7681777 0.38268343 -0.51328003
vn -0.65328133 0.38268343 -0.65328157
vn -0.51327974 0.38268343 -0.76817787
vn -0.3535531 0.38268343 -0.8535535
vn -0.18024 0.38268343 -0.9061274
vn 1.10171525E-08 0.38268343 -0.9238795
vn 0.18024004 0.38268343 -0.9061274
vn 0.35355353 0.38268343 -0.8535533
vn 0.51328015 0.38268343 -0.7681776
vn 0.6532817 0.38268343 -0.6532812
vn 0.7681777 0.38268343 -0.51328003
vn 0.8535534 0.38268343 -0.35355338
vn 0.90612745 0.38268343 -0.18023987
vn 0.9238795 0.38268343 1.6153622E-07
vn 0.9659259 0.25881895 0
vn 0.9473658 0.25881895 0.1884428
vn 0.89239913 0.25881895 0.36964384
vn 0.803138 0.25881895 0.5366397
vn 0.6830127 0.25881895 0.6830127
vn 0.53663963 0.25881895 0.8031381
vn 0.3696438 0.25881895 0.89239913
vn 0.1884427 0.25881895 0.9473659
vn -4.222196E-08 0.25881895 0.9659259
vn -0.1884428 0.25881895 0.9473658
vn -0.3696439 0.25881895 0.89239913
vn -0.5366398 0.25881895 0.80313796
vn -0.6830127 0.25881895 0.6830127
vn -0.8031381 0.25881895 0.53663963
vn -0.89239925 0.25881895 0.3696437
vn -0.9473659 0.25881895 0.18844278
vn -0.9659259 0.25881895 -8.444392E-08
vn -0.9473658 0.25881895 -0.18844295
vn -0.89239913 0.25881895 -0.3696438
vn -0.80313796 0.25881895 -0.53663975
vn -0.6830126 0.25881895 -0.68301284
vn -0.53663945 0.25881895 -0.8031382
vn -0.36964354 0.25881895 -0.8923993
vn -0.18844286 0.25881895 -0.9473658
vn 1.1518551E-08 0.25881895 -0.9659259
vn 0.18844287 0.25881895 -0.9473658
vn 0.369644 0.25881895 -0.8923991
vn 0.53663987 0.25881895 -0.8031379
vn 0.68301296 0.25881895 -0.6830125
vn 0.803138 0.25881895 -0.53663975
vn 0.8923992 0.25881895 -0.3696438
vn 0.9473659 0.25881895 -0.1884427
vn 0.9659259 0.25881895 1.6888784E-07
vn 0.9914449 0.13052613 0
vn 0.9723945 0.13052613 0.1934213
vn 0.91597563 0.13052613 0.37940955
vn 0.82435626 0.13052613 0.55081725
vn 0.7010574 0.13052613 0.7010574
vn 0.5508172 0.13052613 0.8243563
vn 0.37940952 0.13052613 0.91597563
vn 0.19342121 0.13052613 0.9723946
vn -4.3337433E-08 0.13052613 0.9914449
vn -0.1934213 0.13052613 0.9723945
vn -0.3794096 0.13052613 0.91597563
vn -0.5508174 0.13052613 0.8243562
vn -0.7010574 0.13052613 0.7010574
vn -0.8243563 0.13052613 0.5508172
vn -0.91597575 0.13052613 0.37940937
vn -0.9723946 0.13052613 0.19342129
vn -0.9914449 0.13052613 -8.6674866E-08
vn -0.9723945 0.13052613 -0.19342147
vn -0.91597563 0.13052613 -0.37940952
vn -0.8243562 0.13052613 -0.5508173
vn -0.70105726 0.13052613 -0.7010575
vn -0.550817 0.13052613 -0.82435644
vn -0.37940922 0.13052613 -0.9159758
vn -0.19342136 0.13052613 -0.9723945
vn 1.1822862E-08 0.13052613 -0.9914449
vn 0.1934214 0.13052613 -0.9723945
vn 0.3794097 0.13052613 -0.9159756
vn 0.55081743 0.13052613 -0.82435614
vn 0.7010576 0.13052613 -0.70105714
vn 0.82435626 0.13052613 -0.5508173
vn 0.9159757 0.13052613 -0.37940952
vn 0.9723946 0.13052613 -0.19342121
vn 0.9914449 0.13052613 1.7334973E-07
vn 1 -4.371139E-08 0
vn 0.98078525 -4.371139E-08 0.19509032
vn 0.9238795 -4.371139E-08 0.38268346
vn 0.8314696 -4.371139E-08 0.55557024
vn 0.70710677 -4.371139E-08 0.70710677
vn 0.5555702 -4.371139E-08 0.83146966
vn 0.38268343 -4.371139E-08 0.9238795
vn 0.19509023 -4.371139E-08 0.9807853
vn -4.371139E-08 -4.371139E-08 1
vn -0.19509032 -4.371139E-08 0.98078525
vn -0.38268352 -4.371139E-08 0.9238795
vn -0.55557036 -4.371139E-08 0.83146954
vn -0.70710677 -4.371139E-08 0.70710677
vn -0.83146966 -4.371139E-08 0.5555702
vn -0.9238796 -4.371139E-08 0.38268328
vn -0.9807853 -4.371139E-08 0.19509031
vn -1 -4.371139E-08 -8.742278E-08
vn -0.98078525 -4.371139E-08 -0.19509049
vn -0.9238795 -4.371139E-08 -0.38268343
vn -0.83146954 -4.371139E-08 -0.5555703
vn -0.70710665 -4.371139E-08 -0.7071069
vn -0.55557 -4.371139E-08 -0.8314698
vn -0.38268313 -4.371139E-08 -0.9238797
vn -0.19509038 -4.371139E-08 -0.98078525
vn 1.1924881E-08 -4.371139E-08 -1
vn 0.19509041 -4.371139E-08 -0.98078525
vn 0.3826836 -4.371139E-08 -0.92387944
vn 0.5555704 -4.371139E-08 -0.8314695
vn 0.707107 -4.371139E-08 -0.70710653
vn 0.8314696 -4.371139E-08 -0.5555703
vn 0.92387956 -4.371139E-08 -0.38268343
vn 0.9807853 -4.371139E-08 -0.19509023
vn 1 -4.371139E-08 1.7484555E-07
vn 0.9914449 -0.13052621 0
vn 0.9723945 -0.13052621 0.1934213
vn 0.91597563 -0.13052621 0.37940955
vn 0.82435626 -0.13052621 0.55081725
vn 0.7010574 -0.13052621 0.7010574
vn 0.5508172 -0.13052621 0.8243563
vn 0.37940952 -0.13052621 0.91597563
vn 0.19342121 -0.13052621 0.9723946
vn -4.3337433E-08 -0.13052621 0.9914449
vn -0.1934213 -0.13052621 0.9723945
vn -0.3794096 -0.13052621 0.91597563
vn -0.5508174 -0.13052621 0.8243562
vn -0.7010574 -0.13052621 0.7010574
vn -0.8243563 -0.13052621 0.5508172
vn -0.91597575 -0.13052621 0.37940937
vn -0.9723946 -0.13052621 0.19342129
vn -0.9914449 -0.13052621 -8.6674866E-08
vn -0.9723945 -0.13052621 -0.19342147
vn -0.91597563 -0.13052621 -0.37940952
vn -0.8243562 -0.13052621 -0.5508173
vn -0.70105726 -0.13052621 -0.7010575
vn -0.550817 -0.13052621 -0.82435644
vn -0.37940922 -0.13052621 -0.9159758
vn -0.19342136 -0.13052621 -0.9723945
vn 1.1822862E-08 -0.13052621 -0.9914449
vn 0.1934214 -0.13052621 -0.9723945
vn 0.3794097 -0.13052621 -0.9159756
vn 0.55081743 -0.13052621 -0.82435614
vn 0.7010576 -0.13052621 -0.70105714
vn 0.82435626 -0.13052621 -0.5508173
vn 0.9159757 -0.13052621 -0.37940952
vn 0.9723946 -0.13052621 -0.19342121
vn 0.9914449 -0.13052621 1.7334973E-07
vn 0.9659258 -0.25881916 0
vn 0.94736576 -0.25881916 0.18844278
vn 0.8923991 -0.25881916 0.36964384
vn 0.80313796 -0.25881916 0.53663963
vn 0.68301266 -0.25881916 0.68301266
vn 0.5366396 -0.25881916 0.803138
vn 0.3696438 -0.25881916 0.8923991
vn 0.18844269 -0.25881916 0.9473658
vn -4.222196E-08 -0.25881916 0.9659258
vn -0.18844278 -0.25881916 0.94736576
vn -0.3696439 -0.25881916 0.8923991
vn -0.53663975 -0.25881916 0.8031379
vn -0.68301266 -0.25881916 0.68301266
vn -0.803138 -0.25881916 0.5366396
vn -0.8923992 -0.25881916 0.36964366
vn -0.9473658 -0.25881916 0.18844277
vn -0.9659258 -0.25881916 -8.444392E-08
vn -0.94736576 -0.25881916 -0.18844293
vn -0.8923991 -0.25881916 -0.3696438
vn -0.8031379 -0.25881916 -0.5366397
vn -0.68301255 -0.25881916 -0.6830128
vn -0.5366394 -0.25881916 -0.80313814
vn -0.3696435 -0.25881916 -0.89239925
vn -0.18844284 -0.25881916 -0.94736576
vn 1.151855E-08 -0.25881916 -0.9659258
vn 0.18844287 -0.25881916 -0.94736576
vn 0.369644 -0.25881916 -0.892399
vn 0.5366398 -0.25881916 -0.80313784
vn 0.6830129 -0.25881916 -0.6830124
vn 0.80313796 -0.25881916 -0.5366397
vn 0.89239913 -0.25881916 -0.3696438
vn 0.9473658 -0.25881916 -0.18844269
vn 0.9659258 -0.25881916 1.6888784E-07
vn 0.92387956 -0.3826834 0
vn 0.90612745 -0.3826834 0.18023996
vn 0.8535534 -0.3826834 0.3535534
vn 0.76817775 -0.3826834 0.51328
vn 0.6532815 -0.3826834 0.6532815
vn 0.5132799 -0.3826834 0.7681778
vn 0.35355338 -0.3826834 0.8535534
vn 0.18023989 -0.3826834 0.9061275
vn -4.038406E-08 -0.3826834 0.92387956
vn -0.18023996 -0.3826834 0.90612745
vn -0.35355347 -0.3826834 0.8535534
vn -0.5132801 -0.3826834 0.7681777
vn -0.6532815 -0.3826834 0.6532815
vn -0.7681778 -0.3826834 0.5132799
vn -0.8535535 -0.3826834 0.35355327
vn -0.9061275 -0.3826834 0.18023995
vn -0.92387956 -0.3826834 -8.076812E-08
vn -0.90612745 -0.3826834 -0.18024011
vn -0.8535534 -0.3826834 -0.35355338
vn -0.7681777 -0.3826834 -0.51328003
vn -0.6532814 -0.3826834 -0.6532816
vn -0.5132798 -0.3826834 -0.7681779
vn -0.35355312 -0.3826834 -0.85355353
vn -0.18024002 -0.3826834 -0.90612745
vn 1.1017153E-08 -0.3826834 -0.92387956
vn 0.18024005 -0.3826834 -0.90612745
vn 0.35355356 -0.3826834 -0.85355335
vn 0.51328015 -0.3826834 -0.7681776
vn 0.6532817 -0.3826834 -0.6532813
vn 0.76817775 -0.3826834 -0.51328003
vn 0.8535535 -0.3826834 -0.35355338
vn 0.9061275 -0.3826834 -0.18023989
vn 0.92387956 -0.3826834 1.6153624E-07
vn 0.8660254 -0.50000006 0
vn 0.8493849 -0.50000006 0.16895318
vn 0.8001031 -0.50000006 0.3314136
vn 0.72007376 -0.50000006 0.48113793
vn 0.6123724 -0.50000006 0.6123724
vn 0.48113787 -0.50000006 0.7200738
vn 0.33141357 -0.50000006 0.8001031
vn 0.16895309 -0.50000006 0.84938496
vn -3.7855173E-08 -0.50000006 0.8660254
vn -0.16895318 -0.50000006 0.8493849
vn -0.33141363 -0.50000006 0.8001031
vn -0.48113805 -0.50000006 0.7200737
vn -0.6123724 -0.50000006 0.6123724
vn -0.7200738 -0.50000006 0.48113787
vn -0.8001032 -0.50000006 0.33141345
vn -0.84938496 -0.50000006 0.16895317
vn -0.8660254 -0.50000006 -7.5710346E-08
vn -0.8493849 -0.50000006 -0.16895331
vn -0.8001031 -0.50000006 -0.33141357
vn -0.7200737 -0.50000006 -0.481138
vn -0.61237234 -0.50000006 -0.6123725
vn -0.48113772 -0.50000006 -0.72007394
vn -0.3314133 -0.50000006 -0.80010325
vn -0.16895323 -0.50000006 -0.8493849
vn 1.0327249E-08 -0.50000006 -0.8660254
vn 0.16895325 -0.50000006 -0.8493849
vn 0.33141372 -0.50000006 -0.80010307
vn 0.48113808 -0.50000006 -0.7200737
vn 0.61237264 -0.50000006 -0.6123722
vn 0.72007376 -0.50000006 -0.481138
vn 0.8001032 -0.50000006 -0.33141357
vn 0.84938496 -0.50000006 -0.16895309
vn 0.8660254 -0.50000006 1.5142069E-07
vn 0.7933533 -0.6087614 0
vn 0.77810925 -0.6087614 0.15477556
vn 0.73296285 -0.6087614 0.3036032
vn 0.65964913 -0.6087614 0.4407635
vn 0.5609855 -0.6087614 0.5609855
vn 0.44076344 -0.6087614 0.6596492
vn 0.30360317 -0.6087614 0.73296285
vn 0.15477549 -0.6087614 0.77810925
vn -3.4678575E-08 -0.6087614 0.7933533
vn -0.15477556 -0.6087614 0.77810925
vn -0.30360323 -0.6087614 0.73296285
vn -0.4407636 -0.6087614 0.65964913
vn -0.5609855 -0.6087614 0.5609855
vn -0.6596492 -0.6087614 0.44076344
vn -0.73296297 -0.6087614 0.30360305
vn -0.77810925 -0.6087614 0.15477555
vn -0.7933533 -0.6087614 -6.935715E-08
vn -0.77810925 -0.6087614 -0.15477568
vn -0.73296285 -0.6087614 -0.30360317
vn -0.65964913 -0.6087614 -0.44076353
vn -0.5609854 -0.6087614 -0.5609856
vn -0.4407633 -0.6087614 -0.6596493
vn -0.30360293 -0.6087614 -0.732963
vn -0.1547756 -0.6087614 -0.77810925
vn 9.460644E-09 -0.6087614 -0.7933533
vn 0.15477562 -0.6087614 -0.77810925
vn 0.30360332 -0.6087614 -0.73296285
vn 0.44076365 -0.6087614 -0.6596491
vn 0.5609857 -0.6087614 -0.5609853
vn 0.65964913 -0.6087614 -0.44076353
vn 0.7329629 -0.6087614 -0.30360317
vn 0.77810925 -0.6087614 -0.15477549
vn 0.7933533 -0.6087614 1.387143E-07
vn 0.70710677 -0.70710677 0
vn 0.6935199 -0.70710677 0.13794969
vn 0.65328145 -0.70710677 0.27059805
vn 0.5879378 -0.70710677 0.39284748
vn 0.49999997 -0.70710677 0.49999997
vn 0.39284745 -0.70710677 0.58793783
vn 0.27059805 -0.70710677 0.65328145
vn 0.13794963 -0.70710677 0.69351995
vn -3.090862E-08 -0.70710677 0.70710677
vn -0.13794969 -0.70710677 0.6935199
vn -0.2705981 -0.70710677 0.65328145
vn -0.39284757 -0.70710677 0.5879377
vn -0.49999997 -0.70710677 0.49999997
vn -0.58793783 -0.70710677 0.39284745
vn -0.6532815 -0.70710677 0.27059793
vn -0.69351995 -0.70710677 0.13794968
vn -0.70710677 -0.70710677 -6.181724E-08
vn -0.6935199 -0.70710677 -0.13794981
vn -0.65328145 -0.70710677 -0.27059805
vn -0.5879377 -0.70710677 -0.3928475
vn -0.4999999 -0.70710677 -0.50000006
vn -0.3928473 -0.70710677 -0.5879379
vn -0.27059782 -0.70710677 -0.65328157
vn -0.13794973 -0.70710677 -0.6935199
vn 8.432163E-09 -0.70710677 -0.70710677
vn 0.13794975 -0.70710677 -0.6935199
vn 0.27059817 -0.70710677 -0.6532814
vn 0.3928476 -0.70710677 -0.5879377
vn 0.5000002 -0.70710677 -0.49999982
vn 0.5879378 -0.70710677 -0.3928475
vn 0.6532815 -0.70710677 -0.27059805
vn 0.69351995 -0.70710677 -0.13794963
vn 0.70710677 -0.70710677 1.2363448E-07
vn 0.6087614 -0.7933533 0
vn 0.59706426 -0.7933533 0.11876346
vn 0.5624222 -0.7933533 0.23296292
vn 0.50616664 -0.7933533 0.33820975
vn 0.43045932 -0.7933533 0.43045932
vn 0.3382097 -0.7933533 0.50616664
vn 0.2329629 -0.7933533 0.5624222
vn 0.11876341 -0.7933533 0.59706426
vn -2.6609808E-08 -0.7933533 0.6087614
vn -0.11876346 -0.7933533 0.59706426
vn -0.23296297 -0.7933533 0.5624222
vn -0.3382098 -0.7933533 0.5061666
vn -0.43045932 -0.7933533 0.43045932
vn -0.50616664 -0.7933533 0.3382097
vn -0.5624223 -0.7933533 0.23296282
vn -0.59706426 -0.7933533 0.118763454
vn -0.6087614 -0.7933533 -5.3219615E-08
vn -0.59706426 -0.7933533 -0.118763566
vn -0.5624222 -0.7933533 -0.2329629
vn -0.5061666 -0.7933533 -0.33820978
vn -0.43045926 -0.7933533 -0.4304594
vn -0.3382096 -0.7933533 -0.50616676
vn -0.23296273 -0.7933533 -0.56242234
vn -0.1187635 -0.7933533 -0.59706426
vn 7.2594073E-09 -0.7933533 -0.6087614
vn 0.11876352 -0.7933533 -0.59706426
vn 0.23296303 -0.7933533 -0.56242216
vn 0.33820984 -0.7933533 -0.5061665
vn 0.43045947 -0.7933533 -0.43045917
vn 0.50616664 -0.7933533 -0.33820978
vn 0.5624222 -0.7933533 -0.2329629
vn 0.59706426 -0.7933533 -0.11876341
vn 0.6087614 -0.7933533 1.0643923E-07
vn 0.49999982 -0.8660255 0
vn 0.49039245 -0.8660255 0.097545125
vn 0.46193957 -0.8660255 0.19134165
vn 0.41573465 -0.8660255 0.27778503
vn 0.35355327 -0.8660255 0.35355327
vn 0.277785 -0.8660255 0.41573468
vn 0.19134164 -0.8660255 0.46193957
vn 0.09754508 -0.8660255 0.49039248
vn -2.1855687E-08 -0.8660255 0.49999982
vn -0.097545125 -0.8660255 0.49039245
vn -0.19134168 -0.8660255 0.46193957
vn -0.2777851 -0.8660255 0.41573462
vn -0.35355327 -0.8660255 0.35355327
vn -0.41573468 -0.8660255 0.277785
vn -0.46193963 -0.8660255 0.19134156
vn -0.49039248 -0.8660255 0.09754512
vn -0.49999982 -0.8660255 -4.3711374E-08
vn -0.49039245 -0.8660255 -0.09754521
vn -0.46193957 -0.8660255 -0.19134164
vn -0.41573462 -0.8660255 -0.27778506
vn -0.3535532 -0.8660255 -0.35355332
vn -0.2777849 -0.8660255 -0.41573474
vn -0.19134149 -0.8660255 -0.46193966
vn -0.097545154 -0.8660255 -0.49039245
vn 5.962438E-09 -0.8660255 -0.49999982
vn 0.09754517 -0.8660255 -0.49039245
vn 0.19134173 -0.8660255 -0.46193954
vn 0.27778512 -0.8660255 -0.4157346
vn 0.35355338 -0.8660255 -0.35355315
vn 0.41573465 -0.8660255 -0.27778506
vn 0.4619396 -0.8660255 -0.19134164
vn 0.49039248 -0.8660255 -0.09754508
vn 0.49999982 -0.8660255 8.742275E-08
vn 0.38268328 -0.9238796 0
vn 0.37533012 -0.9238796 0.074657805
vn 0.35355324 -0.9238796 0.14644656
vn 0.3181895 -0.9238796 0.21260744
vn 0.27059793 -0.9238796 0.27059793
vn 0.21260741 -0.9238796 0.31818953
vn 0.14644654 -0.9238796 0.35355324
vn 0.07465777 -0.9238796 0.37533015
vn -1.6727617E-08 -0.9238796 0.38268328
vn -0.074657805 -0.9238796 0.37533012
vn -0.14644659 -0.9238796 0.35355324
vn -0.21260749 -0.9238796 0.31818947
vn -0.27059793 -0.9238796 0.27059793
vn -0.31818953 -0.9238796 0.21260741
vn -0.3535533 -0.9238796 0.1464465
vn -0.37533015 -0.9238796 0.0746578
vn -0.38268328 -0.9238796 -3.3455233E-08
vn -0.37533012 -0.9238796 -0.074657865
vn -0.35355324 -0.9238796 -0.14644654
vn -0.31818947 -0.9238796 -0.21260746
vn -0.2705979 -0.9238796 -0.270598
vn -0.21260735 -0.9238796 -0.3181896
vn -0.14644644 -0.9238796 -0.3535533
vn -0.07465783 -0.9238796 -0.37533012
vn 4.5634523E-09 -0.9238796 -0.38268328
vn 0.074657835 -0.9238796 -0.37533012
vn 0.14644662 -0.9238796 -0.3535532
vn 0.2126075 -0.9238796 -0.31818947
vn 0.27059802 -0.9238796 -0.27059785
vn 0.3181895 -0.9238796 -0.21260746
vn 0.35355327 -0.9238796 -0.14644654
vn 0.37533015 -0.9238796 -0.07465777
vn 0.38268328 -0.9238796 6.691047E-08
vn 0.25881892 -0.9659259 0
vn 0.25384578 -0.9659259 0.05049307
vn 0.2391175 -0.9659259 0.09904572
vn 0.21520007 -0.9659259 0.1437921
vn 0.18301262 -0.9659259 0.18301262
vn 0.14379208 -0.9659259 0.21520008
vn 0.099045716 -0.9659259 0.2391175
vn 0.050493043 -0.9659259 0.2538458
vn -1.1313334E-08 -0.9659259 0.25881892
vn -0.05049307 -0.9659259 0.25384578
vn -0.09904574 -0.9659259 0.2391175
vn -0.14379212 -0.9659259 0.21520005
vn -0.18301262 -0.9659259 0.18301262
vn -0.21520008 -0.9659259 0.14379208
vn -0.23911753 -0.9659259 0.09904567
vn -0.2538458 -0.9659259 0.050493065
vn -0.25881892 -0.9659259 -2.2626669E-08
vn -0.25384578 -0.9659259 -0.05049311
vn -0.2391175 -0.9659259 -0.099045716
vn -0.21520005 -0.9659259 -0.14379211
vn -0.18301259 -0.9659259 -0.18301265
vn -0.14379203 -0.9659259 -0.21520011
vn -0.099045634 -0.9659259 -0.23911755
vn -0.050493084 -0.9659259 -0.25384578
vn 3.0863847E-09 -0.9659259 -0.25881892
vn 0.05049309 -0.9659259 -0.25384578
vn 0.09904576 -0.9659259 -0.23911749
vn 0.14379214 -0.9659259 -0.21520004
vn 0.18301268 -0.9659259 -0.18301255
vn 0.21520007 -0.9659259 -0.14379211
vn 0.23911752 -0.9659259 -0.099045716
vn 0.2538458 -0.9659259 -0.050493043
vn 0.25881892 -0.9659259 4.5253337E-08
vn 0.13052632 -0.9914448 0
vn 0.12801829 -0.9914448 0.025464421
vn 0.12059059 -0.9914448 0.049950264
vn 0.108528666 -0.9914448 0.07251654
vn 0.09229604 -0.9914448 0.09229604
vn 0.07251653 -0.9914448 0.10852867
vn 0.04995026 -0.9914448 0.12059059
vn 0.02546441 -0.9914448 0.12801829
vn -5.7054867E-09 -0.9914448 0.13052632
vn -0.025464421 -0.9914448 0.12801829
vn -0.04995027 -0.9914448 0.12059059
vn -0.07251655 -0.9914448 0.10852866
vn -0.09229604 -0.9914448 0.09229604
vn -0.10852867 -0.9914448 0.07251653
vn -0.120590605 -0.9914448 0.04995024
vn -0.12801829 -0.9914448 0.02546442
vn -0.13052632 -0.9914448 -1.14109735E-08
vn -0.12801829 -0.9914448 -0.025464443
vn -0.12059059 -0.9914448 -0.04995026
vn -0.10852866 -0.9914448 -0.072516546
vn -0.09229603 -0.9914448 -0.09229606
vn -0.07251651 -0.9914448 -0.10852869
vn -0.04995022 -0.9914448 -0.12059061
vn -0.02546443 -0.9914448 -0.12801829
vn 1.5565108E-09 -0.9914448 -0.13052632
vn 0.025464434 -0.9914448 -0.12801829
vn 0.049950283 -0.9914448 -0.12059058
vn 0.07251656 -0.9914448 -0.10852865
vn 0.09229607 -0.9914448 -0.09229601
vn 0.108528666 -0.9914448 -0.072516546
vn 0.1205906 -0.9914448 -0.04995026
vn 0.12801829 -0.9914448 -0.02546441
vn 0.13052632 -0.9914448 2.2821947E-08
vn -8.742278E-08 -1 -0
vn -8.574297E-08 -1 -1.7055338E-08
vn -8.076811E-08 -1 -3.345525E-08
vn -7.268938E-08 -1 -4.8569493E-08
vn -6.181724E-08 -1 -6.181724E-08
vn -4.856949E-08 -1 -7.268939E-08
vn -3.3455247E-08 -1 -8.076811E-08
vn -1.705533E-08 -1 -8.5742975E-08
vn 3.821371E-15 -1 -8.742278E-08
vn 1.7055338E-08 -1 -8.574297E-08
vn 3.3455255E-08 -1 -8.076811E-08
vn 4.8569504E-08 -1 -7.2689375E-08
vn 6.181724E-08 -1 -6.181724E-08
vn 7.268939E-08 -1 -4.856949E-08
vn 8.0768125E-08 -1 -3.3455233E-08
vn 8.5742975E-08 -1 -1.7055337E-08
vn 8.742278E-08 -1 7.642742E-15
vn 8.574297E-08 -1 1.7055353E-08
vn 8.076811E-08 -1 3.3455247E-08
vn 7.2689375E-08 -1 4.8569497E-08
vn 6.1817225E-08 -1 6.1817246E-08
vn 4.8569472E-08 -1 7.2689396E-08
vn 3.3455223E-08 -1 8.0768125E-08
vn 1.7055344E-08 -1 8.574297E-08
vn -1.0425061E-15 -1 8.742278E-08
vn -1.7055346E-08 -1 8.574297E-08
vn -3.345526E-08 -1 8.07681E-08
vn -4.8569508E-08 -1 7.268937E-08
vn -6.181726E-08 -1 6.181722E-08
vn -7.268938E-08 -1 4.8569497E-08
vn -8.076812E-08 -1 3.3455247E-08
vn -8.5742975E-08 -1 1.705533E-08
vn -8.742278E-08 -1 -1.5285484E-14
f 1/1/1 34/34/34 2/2/2
f 2/2/2 34/34/34 35/35/35
f 2/2/2 35/35/35 3/3/3
f 3/3/3 35/35/35 36/36/36
f 3/3/3 36/36/36 4/4/4
f 4/4/4 36/36/36 37/37/37
f 4/4/4 37/37/37 5/5/5
f 5/5/5 37/37/37 38/38/38
f 5/5/5 38/38/38 6/6/6
f 6/6/6 38/38/38 39/39/39
f 6/6/6 39/39/39 7/7/7
f 7/7/7 39/39/39 40/40/40
f 7/7/7 40/40/40 8/8/8
f 8/8/8 40/40/40 41/41/41
f 8/8/8 41/41/41 9/9/9
f 9/9/9 41/41/41 42/42/42
f 9/9/9 42/42/42 10/10/10
f 10/10/10 42/42/42 43/43/43
f 10/10/10 43/43/43 11/11/11
f 11/11/11 43/43/43 44/44/44
f 11/11/11 44/44/44 12/12/12
f 12/12/12 44/44/44 45/45/45
f 12/12/12 45/45/45 13/13/13
f 13/13/13 45/45/45 46/46/46
f 13/13/13 46/46/46 14/14/14
f 14/14/14 46/46/46 47/47/47
f 14/14/14 47/47/47 15/15/15
f 15/15/15 47/47/47 48/48/48
f 15/15/15 48/48/48 16/16/16
f 16/16/16 48/48/48 49/49/49
f 16/16/16 49/49/49 17/17/17
f 17/17/17 49/49/49 50/50/50
f 17/17/17 50/50/50 18/18/18
f 18/18/18 50/50/50 51/51/51
f 18/18/18 51/51/51 19/19/19
f 19/19/19 51/51/51 52/52/52
f 19/19/19 52/52/52 20/20/20
f 20/20/20 52/52/52 53/53/53
f 20/20/20 53/53/53 21/21/21
f 21/21/21 53/53/53 54/54/54
f 21/21/21 54/54/54 22/22/22
f 22/22/22 54/54/54 55/55/55
f 22/22/22 55/55/55 23/23/23
f 23/23/23 55/55/55 56/56/56
f 23/23/23 56/56/56 24/24/24
f 24/24/24 56/56/56 57/57/57
f 24/24/24 57/57/57 25/25/25
f 25/25/25 57/57/57 58/58/58
f 25/25/25 58/58/58 26/26/26
f 26/26/26 58/58/58 59/59/59
f 26/26/26 59/59/59 27/27/27
f 27/27/27 59/59/59 60/60/60
f 27/27/27 60/60/60 28/28/28
f 28/28/28 60/60/60 61/61/61
f 28/28/28 61/61/61 29/29/29
f 29/29/29 61/61/61 62/62/62
f 29/29/29 62/62/62 30/30/30
f 30/30/30 62/62/62 63/63/63
f 30/30/30 63/63/63 31/31/31
f 31/31/31 63/63/63 64/64/64
f 31/31/31 64/64/64 32/32/32
f 32/32/32 64/64/64 65/65/65
f 32/32/32 65/65/65 33/33/33
f 33/33/33 65/65/65 66/66/66
f 34/34/34 67/67/67 35/35/35
f 35/35/35 67/67/67 68/68/68
f 35/35/35 68/68/68 36/36/36
f 36/36/36 68/68/68 69/69/69
f 36/36/36 69/69/69 37/37/37
f 37/37/37 69/69/69 70/70/70
f 37/37/37 70/70/70 38/38/38
f 38/38/38 70/70/70 71/71/71
f 38/38/38 71/71/71 39/39/39
f 39/39/39 71/71/71 72/72/72
f 39/39/39 72/72/72 40/40/40
f 40/40/40 72/72/72 73/73/73
f 40/40/40 73/73/73 41/41/41
f 41/41/41 73/73/73 74/74/74
f 41/41/41 74/74/74 42/42/42
f 42/42/42 74/74/74 75/75/75
f 42/42/42 75/75/75 43/43/43
f 43/43/43 75/75/75 76/76/76
f 43/43/43 76/76/76 44/44/44
f 44/44/44 76/76/76 77/77/77
f 44/44/44 77/77/77 45/45/45
f 45/45/45 77/77/77 78/78/78
f 45/45/45 78/78/78 46/46/46
f 46/46/46 78/78/78 79/79/79
f 46/46/46 79/79/79 47/47/47
f 47/47/47 79/79/79 80/80/80
f 47/47/47 80/80/80 48/48/48
f 48/48/48 80/80/80 81/81/81
f 48/48/48 81/81/81 49/49/49
f 49/49/49 81/81/81 82/82/82
f 49/49/49 82/82/82 50/50/50
f 50/50/50 82/82/82 83/83/83
f 50/50/50 83/83/83 51/51/51
f 51/51/51 83/83/83 84/84/84
f 51/51/51 84/84/84 52/52/52
f 52/52/52 84/84/84 85/85/85
f 52/52/52 85/85/85 53/53/53
f 53/53/53 85/85/85 86/86/86
f 53/53/53 86/86/86 54/54/54
f 54/54/54 86/86/86 87/87/87
f 54/54/54 87/87/87 55/55/55
f 55/55/55 87/87/87 88/88/88
f 55/55/55 88/88/88 56/56/56
f 56/56/56 88/88/88 89/89/89
f 56/56/56 89/89/89 57/57/57
f 57/57/57 89/89/89 90/90/90
f 57/57/57 90/90/90 58/58/58
f 58/58/58 90/90/90 91/91/91
f 58/58/58 91/91/91 59/59/59
f 59/59/59 91/91/91 92/92/92
f 59/59/59 92/92/92 60/60/60
f 60/60/60 92/92/92 93/93/93
f 60/60/60 93/93/93 61/61/61
f 61/61/61 93/93/93 94/94/94
f 61/61/61 94/94/94 62/62/62
f 62/62/62 94/94/94 95/95/95
f 62/62/62 95/95/95 63/63/63
f 63/63/63 95/95/95 96/96/96
f 63/63/63 96/96/96 64/64/64
f 64/64/64 96/96/96 97/97/97
f 64/64/64 97/97/97 65/65/65
f 65/65/65 97/97/97 98/98/98
f 65/65/65 98/98/98 66/66/66
f 66/66/66 98/98/98 99/99/99
f 67/67/67 100/100/100 68/68/68
f 68/68/68 100/100/100 101/101/101
f 68/68/68 101/101/101 69/69/69
f 69/69/69 101/101/101 102/102/102
f 69/69/69 102/102/102 70/70/70
f 70/70/70 102/102/102 103/103/103
f 70/70/70 103/103/103 71/71/71
f 71/71/71 103/103/103 104/104/104
f 71/71/71 104/104/104 72/72/72
f 72/72/72 104/104/104 105/105/105
f 72/72/72 105/105/105 73/73/73
f 73/73/73 105/105/105 106/106/106
f 73/73/73 106/106/106 74/74/74
f 74/74/74 106/106/106 107/107/107
f 74/74/74 107/107/107 75/75/75
f 75/75/75 107/107/107 108/108/108
f 75/75/75 108/108/108 76/76/76
f 76/76/76 108/108/108 109/109/109
f 76/76/76 109/109/109 77/77/77
f 77/77/77 109/109/109 110/110/110
f 77/77/77 110/110/110 78/78/78
f 78/78/78 110/110/110 111/111/111
f 78/78/78 111/111/111 79/79/79
f 79/79/79 111/111/111 112/112/112
f 79/79/79 112/112/112 80/80/80
f 80/80/80 112/112/112 113/113/113
f 80/80/80 113/113/113 81/81/81
f 81/81/81 113/113/113 114/114/114
f 81/81/81 114/114/114 82/82/82
f 82/82/82 114/114/114 115/115/115
f 82/82/82 115/115/115 83/83/83
f 83/83/83 115/115/115 116/116/116
f 83/83/83 116/116/116 84/84/84
f 84/84/84 116/116/116 117/117/117
f 84/84/84 117/117/117 85/85/85
f 85/85/85 117/117/117 118/118/118
f 85/85/85 118/118/118 86/86/86
f 86/86/86 118/118/118 119/119/119
f 86/86/86 119/119/119 87/87/87
f 87/87/87 119/119/119 120/120/120
f 87/87/87 120/120/120 88/88/88
f 88/88/88 120/120/120 121/121/121
f 88/88/88 121/121/121 89/89/89
f 89/89/89 121/121/121 122/122/122
f 89/89/89 122/122/122 90/90/90
f 90/90/90 122/122/122 123/123/123
f 90/90/90 123/123/123 91/91/91
f 91/91/91 123/123/123 124/124/124
f 91/91/91 124/124/124 92/92/92
f 92/92/92 124/124/124 125/125/125
f 92/92/92 125/125/125 93/93/93
f 93/93/93 125/125/125 126/126/126
f 93/93/93 126/126/126 94/94/94
f 94/94/94 126/126/126 127/127/127
f 94/94/94 127/127/127 95/95/95
f 95/95/95 127/127/127 128/128/128
f 95/95/95 128/128/128 96/96/96
f 96/96/96 128/128/128 129/129/129
f 96/96/96 129/129/129 97/97/97
f 97/97/97 129/129/129 130/130/130
f 97/97/97 130/130/130 98/98/98
f 98/98/98 130/130/130 131/131/131
f 98/98/98 131/131/131 99/99/99
f 99/99/99 131/131/131 132/132/132
f 100/100/100 133/133/133 101/101/101
f 101/101/101 133/133/133 134/134/134
f 101/101/101 134/134/134 102/102/102
f 102/102/102 134/134/134 135/135/135
f 102/102/102 135/135/135 103/103/103
f 103/103/103 135/135/135 136/136/136
f 103/103/103 136/136/136 104/104/104
f 104/104/104 136/136/136 137/137/137
f 104/104/104 137/137/137 105/105/105
f 105/105/105 137/137/137 138/138/138
f 105/105/105 138/138/138 106/106/106
f 106/106/106 138/138/138 139/139/139
f 106/106/106 139/139/139 107/107/107
f 107/107/107 139/139/139 140/140/140
f 107/107/107 140/140/140 108/108/108
f 108/108/108 140/140/140 141/141/141
f 108/108/108 141/141/141 109/109/109
f 109/109/109 141/141/141 142/142/142
f 109/109/109 142/142/142 110/110/110
f 110/110/110 142/142/142 143/143/143
f 110/110/110 143/143/143 111/111/111
f 111/111/111 143/143/143 144/144/144
f 111/111/111 144/144/144 112/112/112
f 112/112/112 144/144/144 145/145/145
f 112/112/112 145/145/145 113/113/113
f 113/113/113 145/145/145 146/146/146
f 113/113/113 146/146/146 114/114/114
f 114/114/114 146/146/146 147/147/147
f 114/114/114 147/147/147 115/115/115
f 115/115/115 147/147/147 148/148/148
f 115/115/115 148/148/148 116/116/116
f 116/116/116 148/148/148 149/149/149
f 116/116/116 149/149/149 117/117/117
f 117/117/117 149/149/149 150/150/150
f 117/117/117 150/150/150 118/118/118
f 118/118/118 150/150/150 151/151/151
f 118/118/118 151/151/151 119/119/119
f 119/119/119 151/151/151 152/152/152
f 119/119/119 152/152/152 120/120/120
f 120/120/120 152/152/152 153/153/153
f 120/120/120 153/153/153 121/121/121
f 121/121/121 153/153/153 154/154/154
f 121/121/121 154/154/154 122/122/122
f 122/122/122 154/154/154 155/155/155
f 122/122/122 155/155/155 123/123/123
f 123/123/123 155/155/155 156/156/156
f 123/123/123 156/156/156 124/124/124
f 124/124/124 156/156/156 157/157/157
f 124/124/124 157/157/157 125/125/125
f 125/125/125 157/157/157 158/158/158
f 125/125/125 158/158/158 126/126/126
f 126/126/126 158/158/158 159/159/159
f 126/126/126 159/159/159 127/127/127
f 127/127/127 159/159/159 160/160/160
f 127/127/127 160/160/160 128/128/128
f 128/128/128 160/160/160 161/161/161
f 128/128/128 161/161/161 129/129/129
f 129/129/129 161/161/161 162/162/162
f 129/129/129 162/162/162 130/130/130
f 130/130/130 162/162/162 163/163/163
f 130/130/130 163/163/163 131/131/131
f 131/131/131 163/163/163 164/164/164
f 131/131/131 164/164/164 132/132/132
f 132/132/132 164/164/164 165/165/165
f 133/133/133 166/166/166 134/134/134
f 134/134/134 166/166/166 167/167/167
f 134/134/134 167/167/167 135/135/135
f 135/135/135 167/167/167 168/168/168
f 135/135/135 168/168/168 136/136/136
f 136/136/136 168/168/168 169/169/169
f 136/136/136 169/169/169 137/137/137
f 137/137/137 169/169/169 170/170/170
f 137/137/137 170/170/170 138/138/138
f 138/138/138 170/170/170 171/171/171
f 138/138/138 171/171/171 139/139/139
f 139/139/139 171/171/171 172/172/172
f 139/139/139 172/172/172 140/140/140
f 140/140/140 172/172/172 173/173/173
f 140/140/140 173/173/173 141/141/141
f 141/141/141 173/173/173 174/174/174
f 141/141/141 174/174/174 142/142/142
f 142/142/142 174/174/174 175/175/175
f 142/142/142 175/175/175 143/143/143
f 143/143/143 175/175/175 176/176/176
f 143/143/143 176/176/176 144/144/144
f 144/144/144 176/176/176 177/177/177
f 144/144/144 177/177/177 145/145/145
f 145/145/145 177/177/177 178/178/178
f 145/145/145 178/178/178 146/146/146
f 146/146/146 178/178/178 179/179/179
f 146/146/146 179/179/179 147/147/147
f 147/147/147 179/179/179 180/180/180
f 147/147/147 180/180/180 148/148/148
f 148/148/148 180/180/180 181/181/181
f 148/148/148 181/181/181 149/149/149
f 149/149/149 181/181/181 182/182/182
f 149/149/149 182/182/182 150/150/150
f 150/150/150 182/182/182 183/183/183
f 150/150/150 183/183/183 151/151/151
f 151/151/151 183/183/183 184/184/184
f 151/151/151 184/184/184 152/152/152
f 152/152/152 184/184/184 185/185/185
f 152/152/152 185/185/185 153/153/153
f 153/153/153 185/185/185 186/186/186
f 153/153/153 186/186/186 154/154/154
f 154/154/154 186/186/186 187/187/187
f 154/154/154 187/187/187 155/155/155
f 155/155/155 187/187/187 188/188/188
f 155/155/155 188/188/188 156/156/156
f 156/156/156 188/188/188 189/189/189
f 156/156/156 189/189/189 157/157/157
f 157/157/157 189/189/189 190/190/190
f 157/157/157 190/190/190 158/158/158
f 158/158/158 190/190/190 191/191/191
f 158/158/158 191/191/191 159/159/159
f 159/159/159 191/191/191 192/192/192
f 159/159/159 192/192/192 160/160/160
f 160/160/160 192/192/192 193/193/193
f 160/160/160 193/193/193 161/161/161
f 161/161/161 193/193/193 194/194/194
f 161/161/161 194/194/194 162/162/162
f 162/162/162 194/194/194 195/195/195
f 162/162/162 195/195/195 163/163/163
f 163/163/163 195/195/195 196/196/196
f 163/163/163 196/196/196 164/164/164
f 164/164/164 196/196/196 197/197/197
f 164/164/164 197/197/197 165/165/165
f 165/165/165 197/197/197 198/198/198
f 166/166/166 199/199/199 167/167/167
f 167/167/167 199/199/199 200/200/200
f 167/167/167 200/200/200 168/168/168
f 168/168/168 200/200/200 201/201/201
f 168/168/168 201/201/201 169/169/169
f 169/169/169 201/201/201 202/202/202
f 169/169/169 202/202/202 170/170/170
f 170/170/170 202/202/202 203/203/203
f 170/170/170 203/203/203 171/171/171
f 171/171/171 203/203/203 204/204/204
f 171/171/171 204/204/204 172/172/172
f 172/172/172 204/204/204 205/205/205
f 172/172/172 205/205/205 173/173/173
f 173/173/173 205/205/205 206/206/206
f 173/173/173 206/206/206 174/174/174
f 174/174/174 206/206/206 207/207/207
f 174/174/174 207/207/207 175/175/175
f 175/175/175 207/207/207 208/208/208
f 175/175/175 208/208/208 176/176/176
f 176/176/176 208/208/208 209/209/209
f 176/176/176 209/209/209 177/177/177
f 177/177/177 209/209/209 210/210/210
f 177/177/177 210/210/210 178/178/178
f 178/178/178 210/210/210 211/211/211
f 178/178/178 211/211/211 179/179/179
f 179/179/179 211/211/211 212/212/212
f 179/179/179 212/212/212 180/180/180
f 180/180/180 212/212/212 213/213/213
f 180/180/180 213/213/213 181/181/181
f 181/181/181 213/213/213 214/214/214
f 181/181/181 214/214/214 182/182/182
f 182/182/182 214/214/214 215/215/215
f 182/182/182 215/215/215 183/183/183
f 183/183/183 215/215/215 216/216/216
f 183/183/183 216/216/216 184/184/184
f 184/184/184 216/216/216 217/217/217
f 184/184/184 217/217/217 185/185/185
f 185/185/185 217/217/217 218/218/218
f 185/185/185 218/218/218 186/186/186
f 186/186/186 218/218/218 219/219/219
f 186/186/186 219/219/219 187/187/187
f 187/187/187 219/219/219 220/220/220
f 187/187/187 220/220/220 188/188/188
f 188/188/188 220/220/220 221/221/221
f 188/188/188 221/221/221 189/189/189
f 189/189/189 221/221/221 222/222/222
f 189/189/189 222/222/222 190/190/190
f 190/190/190 222/222/222 223/223/223
f 190/190/190 223/223/223 191/191/191
f 191/191/191 223/223/223 224/224/224
f 191/191/191 224/224/224 192/192/192
f 192/192/192 224/224/224 225/225/225
f 192/192/192 225/225/225 193/193/193
f 193/193/193 225/225/225 226/226/226
f 193/193/193 226/226/226 194/194/194
f 194/194/194 226/226/226 227/227/227
f 194/194/194 227/227/227 195/195/195
f 195/195/195 227/227/227 228/228/228
f 195/195/195 228/228/228 196/196/196
f 196/196/196 228/228/228 229/229/229
f 196/196/196 229/229/229 197/197/197
f 197/197/197 229/229/229 230/230/230
f 197/197/197 230/230/230 198/198/198
f 198/198/198 230/230/230 231/231/231
f 199/199/199 232/232/232 200/200/200
f 200/200/200 232/232/232 233/233/233
f 200/200/200 233/233/233 201/201/201
f 201/201/201 233/233/233 234/234/234
f 201/201/201 234/234/234 202/202/202
f 202/202/202 234/234/234 235/235/235
f 202/202/202 235/235/235 203/203/203
f 203/203/203 235/235/235 236/236/236
f 203/203/203 236/236/236 204/204/204
f 204/204/204 236/236/236 237/237/237
f 204/204/204 237/237/237 205/205/205
f 205/205/205 237/237/237 238/238/238
f 205/205/205 238/238/238 206/206/206
f 206/206/206 238/238/238 239/239/239
f 206/206/206 239/239/239 207/207/207
f 207/207/207 239/239/239 240/240/240
f 207/207/207 240/240/240 208/208/208
f 208/208/208 240/240/240 241/241/241
f 208/208/208 241/241/241 209/209/209
f 209/209/209 241/241/241 242/242/242
f 209/209/209 242/242/242 210/210/210
f 210/210/210 242/242/242 243/243/243
f 210/210/210 243/243/243 211/211/211
f 211/211/211 243/243/243 244/244/244
f 211/211/211 244/244/244 212/212/212
f 212/212/212 244/244/244 245/245/245
f 212/212/212 245/245/245 213/213/213
f 213/213/213 245/245/245 246/246/246
f 213/213/213 246/246/246 214/214/214
f 214/214/214 246/246/246 247/247/247
f 214/214/214 247/247/247 215/215/215
f 215/215/215 247/247/247 248/248/248
f 215/215/215 248/248/248 216/216/216
f 216/216/216 248/248/248 249/249/249
f 216/216/216 249/249/249 217/217/217
f 217/217/217 249/249/249 250/250/250
f 217/217/217 250/250/250 218/218/218
f 218/218/218 250/250/250 251/251/251
f 218/218/218 251/251/251 219/219/219
f 219/219/219 251/251/251 252/252/252
f 219/219/219 252/252/252 220/220/220
f 220/220/220 252/252/252 253/253/253
f 220/220/220 253/253/253 221/221/221
f 221/221/221 253/253/253 254/254/254
f 221/221/221 254/254/254 222/222/222
f 222/222/222 254/254/254 255/255/255
f 222/222/222 255/255/255 223/223/223
f 223/223/223 255/255/255 256/256/256
f 223/223/223 256/256/256 224/224/224
f 224/224/224 256/256/256 257/257/257
f 224/224/224 257/257/257 225/225/225
f 225/225/225 257/257/257 258/258/258
f 225/225/225 258/258/258 226/226/226
f 226/226/226 258/258/258 259/259/259
f 226/226/226 259/259/259 227/227/227
f 227/227/227 259/259/259 260/260/260
f 227/227/227 260/260/260 228/228/228
f 228/228/228 260/260/260 261/261/261
f 228/228/228 261/261/261 229/229/229
f 229/229/229 261/261/261 262/262/262
f 229/229/229 262/262/262 230/230/230
f 230/230/230 262/262/262 263/263/263
f 230/230/230 263/263/263 231/231/231
f 231/231/231 263/263/263 264/264/264
f 232/232/232 265/265/265 233/233/233
f 233/233/233 265/265/265 266/266/266
f 233/233/233 266/266/266 234/234/234
f 234/234/234 266/266/266 267/267/267
f 234/234/234 267/267/267 235/235/235
f 235/235/235 267/267/267 268/268/268
f 235/235/235 268/268/268 236/236/236
f 236/236/236 268/268/268 269/269/269
f 236/236/236 269/269/269 237/237/237
f 237/237/237 269/269/269 270/270/270
f 237/237/237 270/270/270 238/238/238
f 238/238/238 270/270/270 271/271/271
f 238/238/238 271/271/271 239/239/239
f 239/239/239 271/271/271 272/272/272
f 239/239/239 272/272/272 240/240/240
f 240/240/240 272/272/272 273/273/273
f 240/240/240 273/273/273 241/241/241
f 241/241/241 273/273/273 274/274/274
f 241/241/241 274/274/274 242/242/242
f 242/242/242 274/274/274 275/275/275
f 242/242/242 275/275/275 243/243/243
f 243/243/243 275/275/275 276/276/276
f 243/243/243 276/276/276 244/244/244
f 244/244/244 276/276/276 277/277/277
f 244/244/244 277/277/277 245/245/245
f 245/245/245 277/277/277 278/278/278
f 245/245/245 278/278/278 246/246/246
f 246/246/246 278/278/278 279/279/279
f 246/246/246 279/279/279 247/247/247
f 247/247/247 279/279/279 280/280/280
f 247/247/247 280/280/280 248/248/248
f 248/248/248 280/280/280 281/281/281
f 248/248/248 281/281/281 249/249/249
f 249/249/249 281/281/281 282/282/282
f 249/249/249 282/282/282 250/250/250
f 250/250/250 282/282/282 283/283/283
f 250/250/250 283/283/283 251/251/251
f 251/251/251 283/283/283 284/284/284
f 251/251/251 284/284/284 252/252/252
f 252/252/252 284/284/284 285/285/285
f 252/252/252 285/285/285 253/253/253
f 253/253/253 285/285/285 286/286/286
f 253/253/253 286/286/286 254/254/254
f 254/254/254 286/286/286 287/287/287
f 254/254/254 287/287/287 255/255/255
f 255/255/255 287/287/287 288/288/288
f 255/255/255 288/288/288 256/256/256
f 256/256/256 288/288/288 289/289/289
f 256/256/256 289/289/289 257/257/257
f 257/257/257 289/289/289 290/290/290
f 257/257/257 290/290/290 258/258/258
f 258/258/258 290/290/290 291/291/291
f 258/258/258 291/291/291 259/259/259
f 259/259/259 291/291/291 292/292/292
f 259/259/259 292/292/292 260/260/260
f 260/260/260 292/292/292 293/293/293
f 260/260/260 293/293/293 261/261/261
f 261/261/261 293/293/293 294/294/294
f 261/261/261 294/294/294 262/262/262
f 262/262/262 294/294/294 295/295/295
f 262/262/262 295/295/295 263/263/263
f 263/263/263 295/295/295 296/296/296
f 263/263/263 296/296/296 264/264/264
f 264/264/264 296/296/296 297/297/297
f 265/265/265 298/298/298 266/266/266
f 266/266/266 298/298/298 299/299/299
f 266/266/266 299/299/299 267/267/267
f 267/267/267 299/299/299 300/300/300
f 267/267/267 300/300/300 268/268/268
f 268/268/268 300/300/300 301/301/301
f 268/268/268 301/301/301 269/269/269
f 269/269/269 301/301/301 302/302/302
f 269/269/269 302/302/302 270/270/270
f 270/270/270 302/302/302 303/303/303
f 270/270/270 303/303/303 271/271/271
f 271/271/271 303/303/303 304/304/304
f 271/271/271 304/304/304 272/272/272
f 272/272/272 304/304/304 305/305/305
f 272/272/272 305/305/305 273/273/273
f 273/273/273 305/305/305 306/306/306
f 273/273/273 306/306/306 274/274/274
f 274/274/274 306/306/306 307/307/307
f 274/274/274 307/307/307 275/275/275
f 275/275/275 307/307/307 308/308/308
f 275/275/275 308/308/308 276/276/276
f 276/276/276 308/308/308 309/309/309
f 276/276/276 309/309/309 277/277/277
f 277/277/277 309/309/309 310/310/310
f 277/277/277 310/310/310 278/278/278
f 278/278/278 310/310/310 311/311/311
f 278/278/278 311/311/311 279/279/279
f 279/279/279 311/311/311 312/312/312
f 279/279/279 312/312/312 280/280/280
f 280/280/280 312/312/312 313/313/313
f 280/280/280 313/313/313 281/281/281
f 281/281/281 313/313/313 314/314/314
f 281/281/281 314/314/314 282/282/282
f 282/282/282 314/314/314 315/315/315
f 282/282/282 315/315/315 283/283/283
f 283/283/283 315/315/315 316/316/316
f 283/283/283 316/316/316 284/284/284
f 284/284/284 316/316/316 317/317/317
f 284/284/284 317/317/317 285/285/285
f 285/285/285 317/317/317 318/318/318
f 285/285/285 318/318/318 286/286/286
f 286/286/286 318/318/318 319/319/319
f 286/286/286 319/319/319 287/287/287
f 287/287/287 319/319/319 320/320/320
f 287/287/287 320/320/320 288/288/288
f 288/288/288 320/320/320 321/321/321
f 288/288/288 321/321/321 289/289/289
f 289/289/289 321/321/321 322/322/322
f 289/289/289 322/322/322 290/290/290
f 290/290/290 322/322/322 323/323/323
f 290/290/290 323/323/323 291/291/291
f 291/291/291 323/323/323 324/324/324
f 291/291/291 324/324/324 292/292/292
f 292/292/292 324/324/324 325/325/325
f 292/292/292 325/325/325 293/293/293
f 293/293/293 325/325/325 326/326/326
f 293/293/293 326/326/326 294/294/294
f 294/294/294 326/326/326 327/327/327
f 294/294/294 327/327/327 295/295/295
f 295/295/295 327/327/327 328/328/328
f 295/295/295 328/328/328 296/296/296
f 296/296/296 328/328/328 329/329/329
f 296/296/296 329/329/329 297/297/297
f 297/297/297 329/329/329 330/330/330
f 298/298/298 331/331/331 299/299/299
f 299/299/299 331/331/331 332/332/332
f 299/299/299 332/332/332 300/300/300
f 300/300/300 332/332/332 333/333/333
f 300/300/300 333/333/333 301/301/301
f 301/301/301 333/333/333 334/334/334
f 301/301/301 334/334/334 302/302/302
f 302/302/302 334/334/334 335/335/335
f 302/302/302 335/335/335 303/303/303
f 303/303/303 335/335/335 336/336/336
f 303/303/303 336/336/336 304/304/304
f 304/304/304 336/336/336 337/337/337
f 304/304/304 337/337/337 305/305/305
f 305/305/305 337/337/337 338/338/338
f 305/305/305 338/338/338 306/306/306
f 306/306/306 338/338/338 339/339/339
f 306/306/306 339/339/339 307/307/307
f 307/307/307 339/339/339 340/340/340
f 307/307/307 340/340/340 308/308/308
f 308/308/308 340/340/340 341/341/341
f 308/308/308 341/341/341 309/309/309
f 309/309/309 341/341/341 342/342/342
f 309/309/309 342/342/342 310/310/310
f 310/310/310 342/342/342 343/343/343
f 310/310/310 343/343/343 311/311/311
f 311/311/311 343/343/343 344/344/344
f 311/311/311 344/344/344 312/312/312
f 312/312/312 344/344/344 345/345/345
f 312/312/312 345/345/345 313/313/313
f 313/313/313 345/345/345 346/346/346
f 313/313/313 346/346/346 314/314/314
f 314/314/314 346/346/346 347/347/347
f 314/314/314 347/347/347 315/315/315
f 315/315/315 347/347/347 348/348/348
f 315/315/315 348/348/348 316/316/316
f 316/316/316 348/348/348 349/349/349
f 316/316/316 349/349/349 317/317/317
f 317/317/317 349/349/349 350/350/350
f 317/317/317 350/350/350 318/318/318
f 318/318/318 350/350/350 351/351/351
f 318/318/318 351/351/351 319/319/319
f 319/319/319 351/351/351 352/352/352
f 319/319/319 352/352/352 320/320/320
f 320/320/320 352/352/352 353/353/353
f 320/320/320 353/353/353 321/321/321
f 321/321/321 353/353/353 354/354/354
f 321/321/321 354/354/354 322/322/322
f 322/322/322 354/354/354 355/355/355
f 322/322/322 355/355/355 323/323/323
f 323/323/323 355/355/355 356/356/356
f 323/323/323 356/356/356 324/324/324
f 324/324/324 356/356/356 357/357/357
f 324/324/324 357/357/357 325/325/325
f 325/325/325 357/357/357 358/358/358
f 325/325/325 358/358/358 326/326/326
f 326/326/326 358/358/358 359/359/359
f 326/326/326 359/359/359 327/327/327
f 327/327/327 359/359/359 360/360/360
f 327/327/327 360/360/360 328/328/328
f 328/328/328 360/360/360 361/361/361
f 328/328/328 361/361/361 329/329/329
f 329/329/329 361/361/361 362/362/362
f 329/329/329 362/362/362 330/330/330
f 330/330/330 362/362/362 363/363/363
f 331/331/331 364/364/364 332/332/332
f 332/332/332 364/364/364 365/365/365
f 332/332/332 365/365/365 333/333/333
f 333/333/333 365/365/365 366/366/366
f 333/333/333 366/366/366 334/334/334
f 334/334/334 366/366/366 367/367/367
f 334/334/334 367/367/367 335/335/335
f 335/335/335 367/367/367 368/368/368
f 335/335/335 368/368/368 336/336/336
f 336/336/336 368/368/368 369/369/369
f 336/336/336 369/369/369 337/337/337
f 337/337/337 369/369/369 370/370/370
f 337/337/337 370/370/370 338/338/338
f 338/338/338 370/370/370 371/371/371
f 338/338/338 371/371/371 339/339/339
f 339/339/339 371/371/371 372/372/372
f 339/339/339 372/372/372 340/340/340
f 340/340/340 372/372/372 373/373/373
f 340/340/340 373/373/373 341/341/341
f 341/341/341 373/373/373 374/374/374
f 341/341/341 374/374/374 342/342/342
f 342/342/342 374/374/374 375/375/375
f 342/342/342 375/375/375 343/343/343
f 343/343/343 375/375/375 376/376/376
f 343/343/343 376/376/376 344/344/344
f 344/344/344 376/376/376 377/377/377
f 344/344/344 377/377/377 345/345/345
f 345/345/345 377/377/377 378/378/378
f 345/345/345 378/378/378 346/346/346
f 346/346/346 378/378/378 379/379/379
f 346/346/346 379/379/379 347/347/347
f 347/347/347 379/379/379 380/380/380
f 347/347/347 380/380/380 348/348/348
f 348/348/348 380/380/380 381/381/381
f 348/348/348 381/381/381 349/349/349
f 349/349/349 381/381/381 382/382/382
f 349/349/349 382/382/382 350/350/350
f 350/350/350 382/382/382 383/383/383
f 350/350/350 383/383/383 351/351/351
f 351/351/351 383/383/383 384/384/384
f 351/351/351 384/384/384 352/352/352
f 352/352/352 384/384/384 385/385/385
f 352/352/352 385/385/385 353/353/353
f 353/353/353 385/385/385 386/386/386
f 353/353/353 386/386/386 354/354/354
f 354/354/354 386/386/386 387/387/387
f 354/354/354 387/387/387 355/355/355
f 355/355/355 387/387/387 388/388/388
f 355/355/355 388/388/388 356/356/356
f 356/356/356 388/388/388 389/389/389
f 356/356/356 389/389/389 357/357/357
f 357/357/357 389/389/389 390/390/390
f 357/357/357 390/390/390 358/358/358
f 358/358/358 390/390/390 391/391/391
f 358/358/358 391/391/391 359/359/359
f 359/359/359 391/391/391 392/392/392
f 359/359/359 392/392/392 360/360/360
f 360/360/360 392/392/392 393/393/393
f 360/360/360 393/393/393 361/361/361
f 361/361/361 393/393/393 394/394/394
f 361/361/361 394/394/394 362/362/362
f 362/362/362 394/394/394 395/395/395
f 362/362/362 395/395/395 363/363/363
f 363/363/363 395/395/395 396/396/396
f 364/364/364 397/397/397 365/365/365
f 365/365/365 397/397/397 398/398/398
f 365/365/365 398/398/398 366/366/366
f 366/366/366 398/398/398 399/399/399
f 366/366/366 399/399/399 367/367/367
f 367/367/367 399/399/399 400/400/400
f 367/367/367 400/400/400 368/368/368
f 368/368/368 400/400/400 401/401/401
f 368/368/368 401/401/401 369/369/369
f 369/369/369 401/401/401 402/402/402
f 369/369/369 402/402/402 370/370/370
f 370/370/370 402/402/402 403/403/403
f 370/370/370 403/403/403 371/371/371
f 371/371/371 403/403/403 404/404/404
f 371/371/371 404/404/404 372/372/372
f 372/372/372 404/404/404 405/405/405
f 372/372/372 405/405/405 373/373/373
f 373/373/373 405/405/405 406/406/406
f 373/373/373 406/406/406 374/374/374
f 374/374/374 406/406/406 407/407/407
f 374/374/374 407/407/407 375/375/375
f 375/375/375 407/407/407 408/408/408
f 375/375/375 408/408/408 376/376/376
f 376/376/376 408/408/408 409/409/409
f 376/376/376 409/409/409 377/377/377
f 377/377/377 409/409/409 410/410/410
f 377/377/377 410/410/410 378/378/378
f 378/378/378 410/410/410 411/411/411
f 378/378/378 411/411/411 379/379/379
f 379/379/379 411/411/411 412/412/412
f 379/379/379 412/412/412 380/380/380
f 380/380/380 412/412/412 413/413/413
f 380/380/380 413/413/413 381/381/381
f 381/381/381 413/413/413 414/414/414
f 381/381/381 414/414/414 382/382/382
f 382/382/382 414/414/414 415/415/415
f 382/382/382 415/415/415 383/383/383
f 383/383/383 415/415/415 416/416/416
f 383/383/383 416/416/416 384/384/384
f 384/384/384 416/416/416 417/417/417
f 384/384/384 417/417/417 385/385/385
f 385/385/385 417/417/417 418/418/418
f 385/385/385 418/418/418 386/386/386
f 386/386/386 418/418/418 419/419/419
f 386/386/386 419/419/419 387/387/387
f 387/387/387 419/419/419 420/420/420
f 387/387/387 420/420/420 388/388/388
f 388/388/388 420/420/420 421/421/421
f 388/388/388 421/421/421 389/389/389
f 389/389/389 421/421/421 422/422/422
f 389/389/389 422/422/422 390/390/390
f 390/390/390 422/422/422 423/423/423
f 390/390/390 423/423/423 391/391/391
f 391/391/391 423/423/423 424/424/424
f 391/391/391 424/424/424 392/392/392
f 392/392/392 424/424/424 425/425/425
f 392/392/392 425/425/425 393/393/393
f 393/393/393 425/425/425 426/426/426
f 393/393/393 426/426/426 394/394/394
f 394/394/394 426/426/426 427/427/427
f 394/394/394 427/427/427 395/395/395
f 395/395/395 427/427/427 428/428/428
f 395/395/395 428/428/428 396/396/396
f 396/396/396 428/428/428 429/429/429
f 397/397/397 430/430/430 398/398/398
f 398/398/398 430/430/430 431/431/431
f 398/398/398 431/431/431 399/399/399
f 399/399/399 431/431/431 432/432/432
f 399/399/399 432/432/432 400/400/400
f 400/400/400 432/432/432 433/433/433
f 400/400/400 433/433/433 401/401/401
f 401/401/401 433/433/433 434/434/434
f 401/401/401 434/434/434 402/402/402
f 402/402/402 434/434/434 435/435/435
f 402/402/402 435/435/435 403/403/403
f 403/403/403 435/435/435 436/436/436
f 403/403/403 436/436/436 404/404/404
f 404/404/404 436/436/436 437/437/437
f 404/404/404 437/437/437 405/405/405
f 405/405/405 437/437/437 438/438/438
f 405/405/405 438/438/438 406/406/406
f 406/406/406 438/438/438 439/439/439
f 406/406/406 439/439/439 407/407/407
f 407/407/407 439/439/439 440/440/440
f 407/407/407 440/440/440 408/408/408
f 408/408/408 440/440/440 441/441/441
f 408/408/408 441/441/441 409/409/409
f 409/409/409 441/441/441 442/442/442
f 409/409/409 442/442/442 410/410/410
f 410/410/410 442/442/442 443/443/443
f 410/410/410 443/443/443 411/411/411
f 411/411/411 443/443/443 444/444/444
f 411/411/411 444/444/444 412/412/412
f 412/412/412 444/444/444 445/445/445
f 412/412/412 445/445/445 413/413/413
f 413/413/413 445/445/445 446/446/446
f 413/413/413 446/446/446 414/414/414
f 414/414/414 446/446/446 447/447/447
f 414/414/414 447/447/447 415/415/415
f 415/415/415 447/447/447 448/448/448
f 415/415/415 448/448/448 416/416/416
f 416/416/416 448/448/448 449/449/449
f 416/416/416 449/449/449 417/417/417
f 417/417/417 449/449/449 450/450/450
f 417/417/417 450/450/450 418/418/418
f 418/418/418 450/450/450 451/451/451
f 418/418/418 451/451/451 419/419/419
f 419/419/419 451/451/451 452/452/452
f 419/419/419 452/452/452 420/420/420
f 420/420/420 452/452/452 453/453/453
f 420/420/420 453/453/453 421/421/421
f 421/421/421 453/453/453 454/454/454
f 421/421/421 454/454/454 422/422/422
f 422/422/422 454/454/454 455/455/455
f 422/422/422 455/455/455 423/423/423
f 423/423/423 455/455/455 456/456/456
f 423/423/423 456/456/456 424/424/424
f 424/424/424 456/456/456 457/457/457
f 424/424/424 457/457/457 425/425/425
f 425/425/425 457/457/457 458/458/458
f 425/425/425 458/458/458 426/426/426
f 426/426/426 458/458/458 459/459/459
f 426/426/426 459/459/459 427/427/427
f 427/427/427 459/459/459 460/460/460
f 427/427/427 460/460/460 428/428/428
f 428/428/428 460/460/460 461/461/461
f 428/428/428 461/461/461 429/429/429
f 429/429/429 461/461/461 462/462/462
f 430/430/430 463/463/463 431/431/431
f 431/431/431 463/463/463 464/464/464
f 431/431/431 464/464/464 432/432/432
f 432/432/432 464/464/464 465/465/465
f 432/432/432 465/465/465 433/433/433
f 433/433/433 465/465/465 466/466/466
f 433/433/433 466/466/466 434/434/434
f 434/434/434 466/466/466 467/467/467
f 434/434/434 467/467/467 435/435/435
f 435/435/435 467/467/467 468/468/468
f 435/435/435 468/468/468 436/436/436
f 436/436/436 468/468/468 469/469/469
f 436/436/436 469/469/469 437/437/437
f 437/437/437 469/469/469 470/470/470
f 437/437/437 470/470/470 438/438/438
f 438/438/438 470/470/470 471/471/471
f 438/438/438 471/471/471 439/439/439
f 439/439/439 471/471/471 472/472/472
f 439/439/439 472/472/472 440/440/440
f 440/440/440 472/472/472 473/473/473
f 440/440/440 473/473/473 441/441/441
f 441/441/441 473/473/473 474/474/474
f 441/441/441 474/474/474 442/442/442
f 442/442/442 474/474/474 475/475/475
f 442/442/442 475/475/475 443/443/443
f 443/443/443 475/475/475 476/476/476
f 443/443/443 476/476/476 444/444/444
f 444/444/444 476/476/476 477/477/477
f 444/444/444 477/477/477 445/445/445
f 445/445/445 477/477/477 478/478/478
f 445/445/445 478/478/478 446/446/446
f 446/446/446 478/478/478 479/479/479
f 446/446/446 479/479/479 447/447/447
f 447/447/447 479/479/479 480/480/480
f 447/447/447 480/480/480 448/448/448
f 448/448/448 480/480/480 481/481/481
f 448/448/448 481/481/481 449/449/449
f 449/449/449 481/481/481 482/482/482
f 449/449/449 482/482/482 450/450/450
f 450/450/450 482/482/482 483/483/483
f 450/450/450 483/483/483 451/451/451
f 451/451/451 483/483/483 484/484/484
f 451/451/451 484/484/484 452/452/452
f 452/452/452 484/484/484 485/485/485
f 452/452/452 485/485/485 453/453/453
f 453/453/453 485/485/485 486/486/486
f 453/453/453 486/486/486 454/454/454
f 454/454/454 486/486/486 487/487/487
f 454/454/454 487/487/487 455/455/455
f 455/455/455 487/487/487 488/488/488
f 455/455/455 488/488/488 456/456/456
f 456/456/456 488/488/488 489/489/489
f 456/456/456 489/489/489 457/457/457
f 457/457/457 489/489/489 490/490/490
f 457/457/457 490/490/490 458/458/458
f 458/458/458 490/490/490 491/491/491
f 458/458/458 491/491/491 459/459/459
f 459/459/459 491/491/491 492/492/492
f 459/459/459 492/492/492 460/460/460
f 460/460/460 492/492/492 493/493/493
f 460/460/460 493/493/493 461/461/461
f 461/461/461 493/493/493 494/494/494
f 461/461/461 494/494/494 462/462/462
f 462/462/462 494/494/494 495/495/495
f 463/463/463 496/496/496 464/464/464
f 464/464/464 496/496/496 497/497/497
f 464/464/464 497/497/497 465/465/465
f 465/465/465 497/497/497 498/498/498
f 465/465/465 498/498/498 466/466/466
f 466/466/466 498/498/498 499/499/499
f 466/466/466 499/499/499 467/467/467
f 467/467/467 499/499/499 500/500/500
f 467/467/467 500/500/500 468/468/468
f 468/468/468 500/500/500 501/501/501
f 468/468/468 501/501/501 469/469/469
f 469/469/469 501/501/501 502/502/502
f 469/469/469 502/502/502 470/470/470
f 470/470/470 502/502/502 503/503/503
f 470/470/470 503/503/503 471/471/471
f 471/471/471 503/503/503 504/504/504
f 471/471/471 504/504/504 472/472/472
f 472/472/472 504/504/504 505/505/505
f 472/472/472 505/505/505 473/473/473
f 473/473/473 505/505/505 506/506/506
f 473/473/473 506/506/506 474/474/474
f 474/474/474 506/506/506 507/507/507
f 474/474/474 507/507/507 475/475/475
f 475/475/475 507/507/507 508/508/508
f 475/475/475 508/508/508 476/476/476
f 476/476/476 508/508/508 509/509/509
f 476/476/476 509/509/509 477/477/477
f 477/477/477 509/509/509 510/510/510
f 477/477/477 510/510/510 478/478/478
f 478/478/478 510/510/510 511/511/511
f 478/478/478 511/511/511 479/479/479
f 479/479/479 511/511/511 512/512/512
f 479/479/479 512/512/512 480/480/480
f 480/480/480 512/512/512 513/513/513
f 480/480/480 513/513/513 481/481/481
f 481/481/481 513/513/513 514/514/514
f 481/481/481 514/514/514 482/482/482
f 482/482/482 514/514/514 515/515/515
f 482/482/482 515/515/515 483/483/483
f 483/483/483 515/515/515 516/516/516
f 483/483/483 516/516/516 484/484/484
f 484/484/484 516/516/516 517/517/517
f 484/484/484 517/517/517 485/485/485
f 485/485/485 517/517/517 518/518/518
f 485/485/485 518/518/518 486/486/486
f 486/486/486 518/518/518 519/519/519
f 486/486/486 519/519/519 487/487/487
f 487/487/487 519/519/519 520/520/520
f 487/487/487 520/520/520 488/488/488
f 488/488/488 520/520/520 521/521/521
f 488/488/488 521/521/521 489/489/489
f 489/489/489 521/521/521 522/522/522
f 489/489/489 522/522/522 490/490/490
f 490/490/490 522/522/522 523/523/523
f 490/490/490 523/523/523 491/491/491
f 491/491/491 523/523/523 524/524/524
f 491/491/491 524/524/524 492/492/492
f 492/492/492 524/524/524 525/525/525
f 492/492/492 525/525/525 493/493/493
f 493/493/493 525/525/525 526/526/526
f 493/493/493 526/526/526 494/494/494
f 494/494/494 526/526/526 527/527/527
f 494/494/494 527/527/527 495/495/495
f 495/495/495 527/527/527 528/528/528
f 496/496/496 529/529/529 497/497/497
f 497/497/497 529/529/529 530/530/530
f 497/497/497 530/530/530 498/498/498
f 498/498/498 530/530/530 531/531/531
f 498/498/498 531/531/531 499/499/499
f 499/499/499 531/531/531 532/532/532
f 499/499/499 532/532/532 500/500/500
f 500/500/500 532/532/532 533/533/533
f 500/500/500 533/533/533 501/501/501
f 501/501/501 533/533/533 534/534/534
f 501/501/501 534/534/534 502/502/502
f 502/502/502 534/534/534 535/535/535
f 502/502/502 535/535/535 503/503/503
f 503/503/503 535/535/535 536/536/536
f 503/503/503 536/536/536 504/504/504
f 504/504/504 536/536/536 537/537/537
f 504/504/504 537/537/537 505/505/505
f 505/505/505 537/537/537 538/538/538
f 505/505/505 538/538/538 506/506/506
f 506/506/506 538/538/538 539/539/539
f 506/506/506 539/539/539 507/507/507
f 507/507/507 539/539/539 540/540/540
f 507/507/507 540/540/540 508/508/508
f 508/508/508 540/540/540 541/541/541
f 508/508/508 541/541/541 509/509/509
f 509/509/509 541/541/541 542/542/542
f 509/509/509 542/542/542 510/510/510
f 510/510/510 542/542/542 543/543/543
f 510/510/510 543/543/543 511/511/511
f 511/511/511 543/543/543 544/544/544
f 511/511/511 544/544/544 512/512/512
f 512/512/512 544/544/544 545/545/545
f 512/512/512 545/545/545 513/513/513
f 513/513/513 545/545/545 546/546/546
f 513/513/513 546/546/546 514/514/514
f 514/514/514 546/546/546 547/547/547
f 514/514/514 547/547/547 515/515/515
f 515/515/515 547/547/547 548/548/548
f 515/515/515 548/548/548 516/516/516
f 516/516/516 548/548/548 549/549/549
f 516/516/516 549/549/549 517/517/517
f 517/517/517 549/549/549 550/550/550
f 517/517/517 550/550/550 518/518/518
f 518/518/518 550/550/550 551/551/551
f 518/518/518 551/551/551 519/519/519
f 519/519/519 551/551/551 552/552/552
f 519/519/519 552/552/552 520/520/520
f 520/520/520 552/552/552 553/553/553
f 520/520/520 553/553/553 521/521/521
f 521/521/521 553/553/553 554/554/554
f 521/521/521 554/554/554 522/522/522
f 522/522/522 554/554/554 555/555/555
f 522/522/522 555/555/555 523/523/523
f 523/523/523 555/555/555 556/556/556
f 523/523/523 556/556/556 524/524/524
f 524/524/524 556/556/556 557/557/557
f 524/524/524 557/557/557 525/525/525
f 525/525/525 557/557/557 558/558/558
f 525/525/525 558/558/558 526/526/526
f 526/526/526 558/558/558 559/559/559
f 526/526/526 559/559/559 527/527/527
f 527/527/527 559/559/559 560/560/560
f 527/527/527 560/560/560 528/528/528
f 528/528/528 560/560/560 561/561/561
f 529/529/529 562/562/562 530/530/530
f 530/530/530 562/562/562 563/563/563
f 530/530/530 563/563/563 531/531/531
f 531/531/531 563/563/563 564/564/564
f 531/531/531 564/564/564 532/532/532
f 532/532/532 564/564/564 565/565/565
f 532/532/532 565/565/565 533/533/533
f 533/533/533 565/565/565 566/566/566
f 533/533/533 566/566/566 534/534/534
f 534/534/534 566/566/566 567/567/567
f 534/534/534 567/567/567 535/535/535
f 535/535/535 567/567/567 568/568/568
f 535/535/535 568/568/568 536/536/536
f 536/536/536 568/568/568 569/569/569
f 536/536/536 569/569/569 537/537/537
f 537/537/537 569/569/569 570/570/570
f 537/537/537 570/570/570 538/538/538
f 538/538/538 570/570/570 571/571/571
f 538/538/538 571/571/571 539/539/539
f 539/539/539 571/571/571 572/572/572
f 539/539/539 572/572/572 540/540/540
f 540/540/540 572/572/572 573/573/573
f 540/540/540 573/573/573 541/541/541
f 541/541/541 573/573/573 574/574/574
f 541/541/541 574/574/574 542/542/542
f 542/542/542 574/574/574 575/575/575
f 542/542/542 575/575/575 543/543/543
f 543/543/543 575/575/575 576/576/576
f 543/543/543 576/576/576 544/544/544
f 544/544/544 576/576/576 577/577/577
f 544/544/544 577/577/577 545/545/545
f 545/545/545 577/577/577 578/578/578
f 545/545/545 578/578/578 546/546/546
f 546/546/546 578/578/578 579/579/579
f 546/546/546 579/579/579 547/547/547
f 547/547/547 579/579/579 580/580/580
f 547/547/547 580/580/580 548/548/548
f 548/548/548 580/580/580 581/581/581
f 548/548/548 581/581/581 549/549/549
f 549/549/549 581/581/581 582/582/582
f 549/549/549 582/582/582 550/550/550
f 550/550/550 582/582/582 583/583/583
f 550/550/550 583/583/583 551/551/551
f 551/551/551 583/583/583 584/584/584
f 551/551/551 584/584/584 552/552/552
f 552/552/552 584/584/584 585/585/585
f 552/552/552 585/585/585 553/553/553
f 553/553/553 585/585/585 586/586/586
f 553/553/553 586/586/586 554/554/554
f 554/554/554 586/586/586 587/587/587
f 554/554/554 587/587/587 555/555/555
f 555/555/555 587/587/587 588/588/588
f 555/555/555 588/588/588 556/556/556
f 556/556/556 588/588/588 589/589/589
f 556/556/556 589/589/589 557/557/557
f 557/557/557 589/589/589 590/590/590
f 557/557/557 590/590/590 558/558/558
f 558/558/558 590/590/590 591/591/591
f 558/558/558 591/591/591 559/559/559
f 559/559/559 591/591/591 592/592/592
f 559/559/559 592/592/592 560/560/560
f 560/560/560 592/592/592 593/593/593
f 560/560/560 593/593/593 561/561/561
f 561/561/561 593/593/593 594/594/594
f 562/562/562 595/595/595 563/563/563
f 563/563/563 595/595/595 596/596/596
f 563/563/563 596/596/596 564/564/564
f 564/564/564 596/596/596 597/597/597
f 564/564/564 597/597/597 565/565/565
f 565/565/565 597/597/597 598/598/598
f 565/565/565 598/598/598 566/566/566
f 566/566/566 598/598/598 599/599/599
f 566/566/566 599/599/599 567/567/567
f 567/567/567 599/599/599 600/600/600
f 567/567/567 600/600/600 568/568/568
f 568/568/568 600/600/600 601/601/601
f 568/568/568 601/601/601 569/569/569
f 569/569/569 601/601/601 602/602/602
f 569/569/569 602/602/602 570/570/570
f 570/570/570 602/602/602 603/603/603
f 570/570/570 603/603/603 571/571/571
f 571/571/571 603/603/603 604/604/604
f 571/571/571 604/604/604 572/572/572
f 572/572/572 604/604/604 605/605/605
f 572/572/572 605/605/605 573/573/573
f 573/573/573 605/605/605 606/606/606
f 573/573/573 606/606/606 574/574/574
f 574/574/574 606/606/606 607/607/607
f 574/574/574 607/607/607 575/575/575
f 575/575/575 607/607/607 608/608/608
f 575/575/575 608/608/608 576/576/576
f 576/576/576 608/608/608 609/609/609
f 576/576/576 609/609/609 577/577/577
f 577/577/577 609/609/609 610/610/610
f 577/577/577 610/610/610 578/578/578
f 578/578/578 610/610/610 611/611/611
f 578/578/578 611/611/611 579/579/579
f 579/579/579 611/611/611 612/612/612
f 579/579/579 612/612/612 580/580/580
f 580/580/580 612/612/612 613/613/613
f 580/580/580 613/613/613 581/581/581
f 581/581/581 613/613/613 614/614/614
f 581/581/581 614/614/614 582/582/582
f 582/582/582 614/614/614 615/615/615
f 582/582/582 615/615/615 583/583/583
f 583/583/583 615/615/615 616/616/616
f 583/583/583 616/616/616 584/584/584
f 584/584/584 616/616/616 617/617/617
f 584/584/584 617/617/617 585/585/585
f 585/585/585 617/617/617 618/618/618
f 585/585/585 618/618/618 586/586/586
f 586/586/586 618/618/618 619/619/619
f 586/586/586 619/619/619 587/587/587
f 587/587/587 619/619/619 620/620/620
f 587/587/587 620/620/620 588/588/588
f 588/588/588 620/620/620 621/621/621
f 588/588/588 621/621/621 589/589/589
f 589/589/589 621/621/621 622/622/622
f 589/589/589 622/622/622 590/590/590
f 590/590/590 622/622/622 623/623/623
f 590/590/590 623/623/623 591/591/591
f 591/591/591 623/623/623 624/624/624
f 591/591/591 624/624/624 592/592/592
f 592/592/592 624/624/624 625/625/625
f 592/592/592 625/625/625 593/593/593
f 593/593/593 625/625/625 626/626/626
f 593/593/593 626/626/626 594/594/594
f 594/594/594 626/626/626 627/627/627
f 595/595/595 628/628/628 596/596/596
f 596/596/596 628/628/628 629/629/629
f 596/596/596 629/629/629 597/597/597
f 597/597/597 629/629/629 630/630/630
f 597/597/597 630/630/630 598/598/598
f 598/598/598 630/630/630 631/631/631
f 598/598/598 631/631/631 599/599/599
f 599/599/599 631/631/631 632/632/632
f 599/599/599 632/632/632 600/600/600
f 600/600/600 632/632/632 633/633/633
f 600/600/600 633/633/633 601/601/601
f 601/601/601 633/633/633 634/634/634
f 601/601/601 634/634/634 602/602/602
f 602/602/602 634/634/634 635/635/635
f 602/602/602 635/635/635 603/603/603
f 603/603/603 635/635/635 636/636/636
f 603/603/603 636/636/636 604/604/604
f 604/604/604 636/636/636 637/637/637
f 604/604/604 637/637/637 605/605/605
f 605/605/605 637/637/637 638/638/638
f 605/605/605 638/638/638 606/606/606
f 606/606/606 638/638/638 639/639/639
f 606/606/606 639/639/639 607/607/607
f 607/607/607 639/639/639 640/640/640
f 607/607/607 640/640/640 608/608/608
f 608/608/608 640/640/640 641/641/641
f 608/608/608 641/641/641 609/609/609
f 609/609/609 641/641/641 642/642/642
f 609/609/609 642/642/642 610/610/610
f 610/610/610 642/642/642 643/643/643
f 610/610/610 643/643/643 611/611/611
f 611/611/611 643/643/643 644/644/644
f 611/611/611 644/644/644 612/612/612
f 612/612/612 644/644/644 645/645/645
f 612/612/612 645/645/645 613/613/613
f 613/613/613 645/645/645 646/646/646
f 613/613/613 646/646/646 614/614/614
f 614/614/614 646/646/646 647/647/647
f 614/614/614 647/647/647 615/615/615
f 615/615/615 647/647/647 648/648/648
f 615/615/615 648/648/648 616/616/616
f 616/616/616 648/648/648 649/649/649
f 616/616/616 649/649/649 617/617/617
f 617/617/617 649/649/649 650/650/650
f 617/617/617 650/650/650 618/618/618
f 618/618/618 650/650/650 651/651/651
f 618/618/618 651/651/651 619/619/619
f 619/619/619 651/651/651 652/652/652
f 619/619/619 652/652/652 620/620/620
f 620/620/620 652/652/652 653/653/653
f 620/620/620 653/653/653 621/621/621
f 621/621/621 653/653/653 654/654/654
f 621/621/621 654/654/654 622/622/622
f 622/622/622 654/654/654 655/655/655
f 622/622/622 655/655/655 623/623/623
f 623/623/623 655/655/655 656/656/656
f 623/623/623 656/656/656 624/624/624
f 624/624/624 656/656/656 657/657/657
f 624/624/624 657/657/657 625/625/625
f 625/625/625 657/657/657 658/658/658
f 625/625/625 658/658/658 626/626/626
f 626/626/626 658/658/658 659/659/659
f 626/626/626 659/659/659 627/627/627
f 627/627/627 659/659/659 660/660/660
f 628/628/628 661/661/661 629/629/629
f 629/629/629 661/661/661 662/662/662
f 629/629/629 662/662/662 630/630/630
f 630/630/630 662/662/662 663/663/663
f 630/630/630 663/663/663 631/631/631
f 631/631/631 663/663/663 664/664/664
f 631/631/631 664/664/664 632/632/632
f 632/632/632 664/664/664 665/665/665
f 632/632/632 665/665/665 633/633/633
f 633/633/633 665/665/665 666/666/666
f 633/633/633 666/666/666 634/634/634
f 634/634/634 666/666/666 667/667/667
f 634/634/634 667/667/667 635/635/635
f 635/635/635 667/667/667 668/668/668
f 635/635/635 668/668/668 636/636/636
f 636/636/636 668/668/668 669/669/669
f 636/636/636 669/669/669 637/637/637
f 637/637/637 669/669/669 670/670/670
f 637/637/637 670/670/670 638/638/638
f 638/638/638 670/670/670 671/671/671
f 638/638/638 671/671/671 639/639/639
f 639/639/639 671/671/671 672/672/672
f 639/639/639 672/672/672 640/640/640
f 640/640/640 672/672/672 673/673/673
f 640/640/640 673/673/673 641/641/641
f 641/641/641 673/673/673 674/674/674
f 641/641/641 674/674/674 642/642/642
f 642/642/642 674/674/674 675/675/675
f 642/642/642 675/675/675 643/643/643
f 643/643/643 675/675/675 676/676/676
f 643/643/643 676/676/676 644/644/644
f 644/644/644 676/676/676 677/677/677
f 644/644/644 677/677/677 645/645/645
f 645/645/645 677/677/677 678/678/678
f 645/645/645 678/678/678 646/646/646
f 646/646/646 678/678/678 679/679/679
f 646/646/646 679/679/679 647/647/647
f 647/647/647 679/679/679 680/680/680
f 647/647/647 680/680/680 648/648/648
f 648/648/648 680/680/680 681/681/681
f 648/648/648 681/681/681 649/649/649
f 649/649/649 681/681/681 682/682/682
f 649/649/649 682/682/682 650/650/650
f 650/650/650 682/682/682 683/683/683
f 650/650/650 683/683/683 651/651/651
f 651/651/651 683/683/683 684/684/684
f 651/651/651 684/684/684 652/652/652
f 652/652/652 684/684/684 685/685/685
f 652/652/652 685/685/685 653/653/653
f 653/653/653 685/685/685 686/686/686
f 653/653/653 686/686/686 654/654/654
f 654/654/654 686/686/686 687/687/687
f 654/654/654 687/687/687 655/655/655
f 655/655/655 687/687/687 688/688/688
f 655/655/655 688/688/688 656/656/656
f 656/656/656 688/688/688 689/689/689
f 656/656/656 689/689/689 657/657/657
f 657/657/657 689/689/689 690/690/690
f 657/657/657 690/690/690 658/658/658
f 658/658/658 690/690/690 691/691/691
f 658/658/658 691/691/691 659/659/659
f 659/659/659 691/691/691 692/692/692
f 659/659/659 692/692/692 660/660/660
f 660/660/660 692/692/692 693/693/693
f 661/661/661 694/694/694 662/662/662
f 662/662/662 694/694/694 695/695/695
f 662/662/662 695/695/695 663/663/663
f 663/663/663 695/695/695 696/696/696
f 663/663/663 696/696/696 664/664/664
f 664/664/664 696/696/696 697/697/697
f 664/664/664 697/697/697 665/665/665
f 665/665/665 697/697/697 698/698/698
f 665/665/665 698/698/698 666/666/666
f 666/666/666 698/698/698 699/699/699
f 666/666/666 699/699/699 667/667/667
f 667/667/667 699/699/699 700/700/700
f 667/667/667 700/700/700 668/668/668
f 668/668/668 700/700/700 701/701/701
f 668/668/668 701/701/701 669/669/669
f 669/669/669 701/701/701 702/702/702
f 669/669/669 702/702/702 670/670/670
f 670/670/670 702/702/702 703/703/703
f 670/670/670 703/703/703 671/671/671
f 671/671/671 703/703/703 704/704/704
f 671/671/671 704/704/704 672/672/672
f 672/672/672 704/704/704 705/705/705
f 672/672/672 705/705/705 673/673/673
f 673/673/673 705/705/705 706/706/706
f 673/673/673 706/706/706 674/674/674
f 674/674/674 706/706/706 707/707/707
f 674/674/674 707/707/707 675/675/675
f 675/675/675 707/707/707 708/708/708
f 675/675/675 708/708/708 676/676/676
f 676/676/676 708/708/708 709/709/709
f 676/676/676 709/709/709 677/677/677
f 677/677/677 709/709/709 710/710/710
f 677/677/677 710/710/710 678/678/678
f 678/678/678 710/710/710 711/711/711
f 678/678/678 711/711/711 679/679/679
f 679/679/679 711/711/711 712/712/712
f 679/679/679 712/712/712 680/680/680
f 680/680/680 712/712/712 713/713/713
f 680/680/680 713/713/713 681/681/681
f 681/681/681 713/713/713 714/714/714
f 681/681/681 714/714/714 682/682/682
f 682/682/682 714/714/714 715/715/715
f 682/682/682 715/715/715 683/683/683
f 683/683/683 715/715/715 716/716/716
f 683/683/683 716/716/716 684/684/684
f 684/684/684 716/716/716 717/717/717
f 684/684/684 717/717/717 685/685/685
f 685/685/685 717/717/717 718/718/718
f 685/685/685 718/718/718 686/686/686
f 686/686/686 718/718/718 719/719/719
f 686/686/686 719/719/719 687/687/687
f 687/687/687 719/719/719 720/720/720
f 687/687/687 720/720/720 688/688/688
f 688/688/688 720/720/720 721/721/721
f 688/688/688 721/721/721 689/689/689
f 689/689/689 721/721/721 722/722/722
f 689/689/689 722/722/722 690/690/690
f 690/690/690 722/722/722 723/723/723
f 690/690/690 723/723/723 691/691/691
f 691/691/691 723/723/723 724/724/724
f 691/691/691 724/724/724 692/692/692
f 692/692/692 724/724/724 725/725/725
f 692/692/692 725/725/725 693/693/693
f 693/693/693 725/725/725 726/726/726
f 694/694/694 727/727/727 695/695/695
f 695/695/695 727/727/727 728/728/728
f 695/695/695 728/728/728 696/696/696
f 696/696/696 728/728/728 729/729/729
f 696/696/696 729/729/729 697/697/697
f 697/697/697 729/729/729 730/730/730
f 697/697/697 730/730/730 698/698/698
f 698/698/698 730/730/730 731/731/731
f 698/698/698 731/731/731 699/699/699
f 699/699/699 731/731/731 732/732/732
f 699/699/699 732/732/732 700/700/700
f 700/700/700 732/732/732 733/733/733
f 700/700/700 733/733/733 701/701/701
f 701/701/701 733/733/733 734/734/734
f 701/701/701 734/734/734 702/702/702
f 702/702/702 734/734/734 735/735/735
f 702/702/702 735/735/735 703/703/703
f 703/703/703 735/735/735 736/736/736
f 703/703/703 736/736/736 704/704/704
f 704/704/704 736/736/736 737/737/737
f 704/704/704 737/737/737 705/705/705
f 705/705/705 737/737/737 738/738/738
f 705/705/705 738/738/738 706/706/706
f 706/706/706 738/738/738 739/739/739
f 706/706/706 739/739/739 707/707/707
f 707/707/707 739/739/739 740/740/740
f 707/707/707 740/740/740 708/708/708
f 708/708/708 740/740/740 741/741/741
f 708/708/708 741/741/741 709/709/709
f 709/709/709 741/741/741 742/742/742
f 709/709/709 742/742/742 710/710/710
f 710/710/710 742/742/742 743/743/743
f 710/710/710 743/743/743 711/711/711
f 711/711/711 743/743/743 744/744/744
f 711/711/711 744/744/744 712/712/712
f 712/712/712 744/744/744 745/745/745
f 712/712/712 745/745/745 713/713/713
f 713/713/713 745/745/745 746/746/746
f 713/713/713 746/746/746 714/714/714
f 714/714/714 746/746/746 747/747/747
f 714/714/714 747/747/747 715/715/715
f 715/715/715 747/747/747 748/748/748
f 715/715/715 748/748/748 716/716/716
f 716/716/716 748/748/748 749/749/749
f 716/716/716 749/749/749 717/717/717
f 717/717/717 749/749/749 750/750/750
f 717/717/717 750/750/750 718/718/718
f 718/718/718 750/750/750 751/751/751
f 718/718/718 751/751/751 719/719/719
f 719/719/719 751/751/751 752/752/752
f 719/719/719 752/752/752 720/720/720
f 720/720/720 752/752/752 753/753/753
f 720/720/720 753/753/753 721/721/721
f 721/721/721 753/753/753 754/754/754
f 721/721/721 754/754/754 722/722/722
f 722/722/722 754/754/754 755/755/755
f 722/722/722 755/755/755 723/723/723
f 723/723/723 755/755/755 756/756/756
f 723/723/723 756/756/756 724/724/724
f 724/724/724 756/756/756 757/757/757
f 724/724/724 757/757/757 725/725/725
f 725/725/725 757/757/757 758/758/758
f 725/725/725 758/758/758 726/726/726
f 726/726/726 758/758/758 759/759/759
f 727/727/727 760/760/760 728/728/728
f 728/728/728 760/760/760 761/761/761
f 728/728/728 761/761/761 729/729/729
f 729/729/729 761/761/761 762/762/762
f 729/729/729 762/762/762 730/730/730
f 730/730/730 762/762/762 763/763/763
f 730/730/730 763/763/763 731/731/731
f 731/731/731 763/763/763 764/764/764
f 731/731/731 764/764/764 732/732/732
f 732/732/732 764/764/764 765/765/765
f 732/732/732 765/765/765 733/733/733
f 733/733/733 765/765/765 766/766/766
f 733/733/733 766/766/766 734/734/734
f 734/734/734 766/766/766 767/767/767
f 734/734/734 767/767/767 735/735/735
f 735/735/735 767/767/767 768/768/768
f 735/735/735 768/768/768 736/736/736
f 736/736/736 768/768/768 769/769/769
f 736/736/736 769/769/769 737/737/737
f 737/737/737 769/769/769 770/770/770
f 737/737/737 770/770/770 738/738/738
f 738/738/738 770/770/770 771/771/771
f 738/738/738 771/771/771 739/739/739
f 739/739/739 771/771/771 772/772/772
f 739/739/739 772/772/772 740/740/740
f 740/740/740 772/772/772 773/773/773
f 740/740/740 773/773/773 741/741/741
f 741/741/741 773/773/773 774/774/774
f 741/741/741 774/774/774 742/742/742
f 742/742/742 774/774/774 775/775/775
f 742/742/742 775/775/775 743/743/743
f 743/743/743 775/775/775 776/776/776
f 743/743/743 776/776/776 744/744/744
f 744/744/744 776/776/776 777/777/777
f 744/744/744 777/777/777 745/745/745
f 745/745/745 777/777/777 778/778/778
f 745/745/745 778/778/778 746/746/746
f 746/746/746 778/778/778 779/779/779
f 746/746/746 779/779/779 747/747/747
f 747/747/747 779/779/779 780/780/780
f 747/747/747 780/780/780 748/748/748
f 748/748/748 780/780/780 781/781/781
f 748/748/748 781/781/781 749/749/749
f 749/749/749 781/781/781 782/782/782
f 749/749/749 782/782/782 750/750/750
f 750/750/750 782/782/782 783/783/783
f 750/750/750 783/783/783 751/751/751
f 751/751/751 783/783/783 784/784/784
f 751/751/751 784/784/784 752/752/752
f 752/752/752 784/784/784 785/785/785
f 752/752/752 785/785/785 753/753/753
f 753/753/753 785/785/785 786/786/786
f 753/753/753 786/786/786 754/754/754
f 754/754/754 786/786/786 787/787/787
f 754/754/754 787/787/787 755/755/755
f 755/755/755 787/787/787 788/788/788
f 755/755/755 788/788/788 756/756/756
f 756/756/756 788/788/788 789/789/789
f 756/756/756 789/789/789 757/757/757
f 757/757/757 789/789/789 790/790/790
f 757/757/757 790/790/790 758/758/758
f 758/758/758 790/790/790 791/791/791
f 758/758/758 791/791/791 759/759/759
f 759/759/759 791/791/791 792/792/792
f 760/760/760 793/793/793 761/761/761
f 761/761/761 793/793/793 794/794/794
f 761/761/761 794/794/794 762/762/762
f 762/762/762 794/794/794 795/795/795
f 762/762/762 795/795/795 763/763/763
f 763/763/763 795/795/795 796/796/796
f 763/763/763 796/796/796 764/764/764
f 764/764/764 796/796/796 797/797/797
f 764/764/764 797/797/797 765/765/765
f 765/765/765 797/797/797 798/798/798
f 765/765/765 798/798/798 766/766/766
f 766/766/766 798/798/798 799/799/799
f 766/766/766 799/799/799 767/767/767
f 767/767/767 799/799/799 800/800/800
f 767/767/767 800/800/800 768/768/768
f 768/768/768 800/800/800 801/801/801
f 768/768/768 801/801/801 769/769/769
f 769/769/769 801/801/801 802/802/802
f 769/769/769 802/802/802 770/770/770
f 770/770/770 802/802/802 803/803/803
f 770/770/770 803/803/803 771/771/771
f 771/771/771 803/803/803 804/804/804
f 771/771/771 804/804/804 772/772/772
f 772/772/772 804/804/804 805/805/805
f 772/772/772 805/805/805 773/773/773
f 773/773/773 805/805/805 806/806/806
f 773/773/773 806/806/806 774/774/774
f 774/774/774 806/806/806 807/807/807
f 774/774/774 807/807/807 775/775/775
f 775/775/775 807/807/807 808/808/808
f 775/775/775 808/808/808 776/776/776
f 776/776/776 808/808/808 809/809/809
f 776/776/776 809/809/809 777/777/777
f 777/777/777 809/809/809 810/810/810
f 777/777/777 810/810/810 778/778/778
f 778/778/778 810/810/810 811/811/811
f 778/778/778 811/811/811 779/779/779
f 779/779/779 811/811/811 812/812/812
f 779/779/779 812/812/812 780/780/780
f 780/780/780 812/812/812 813/813/813
f 780/780/780 813/813/813 781/781/781
f 781/781/781 813/813/813 814/814/814
f 781/781/781 814/814/814 782/782/782
f 782/782/782 814/814/814 815/815/815
f 782/782/782 815/815/815 783/783/783
f 783/783/783 815/815/815 816/816/816
f 783/783/783 816/816/816 784/784/784
f 784/784/784 816/816/816 817/817/817
f 784/784/784 817/817/817 785/785/785
f 785/785/785 817/817/817 818/818/818
f 785/785/785 818/818/818 786/786/786
f 786/786/786 818/818/818 819/819/819
f 786/786/786 819/819/819 787/787/787
f 787/787/787 819/819/819 820/820/820
f 787/787/787 820/820/820 788/788/788
f 788/788/788 820/820/820 821/821/821
f 788/788/788 821/821/821 789/789/789
f 789/789/789 821/821/821 822/822/822
f 789/789/789 822/822/822 790/790/790
f 790/790/790 822/822/822 823/823/823
f 790/790/790 823/823/823 791/791/791
f 791/791/791 823/823/823 824/824/824
f 791/791/791 824/824/824 792/792/792
f 792/792/792 824/824/824 825/825/825
